user_id,test_business_id,found,rank,recall@10,recall@20,mrr,ndcg@10,ndcg@20,mobility_label
-0MIp6WKJ8QvGnYZQ5ETyg,sEwBpFLYsEPu3aUVkh5gwQ,1,87.0,0.0,0.0,0.011494252873563218,0.0,0.0,explorer
-1VbC_BSr9ai4drsuCCJxA,DcBLYSvOuWcNReolRVr12A,0,,0.0,0.0,0.0,0.0,0.0,sparse
-6DoXmdXEy_P5N-QZzntgA,Ifw5wqcChnL4zBigtR7NKA,0,,0.0,0.0,0.0,0.0,0.0,explorer
-6cPEM5jtb6A2M6mggn47g,lK-YaoQ670dGJrmaqyJTBA,0,,0.0,0.0,0.0,0.0,0.0,one_area
-8lbUNlXVSoXqaRRiHiSNg,YiSr-W5BBX6uXnhWPxk82Q,0,,0.0,0.0,0.0,0.0,0.0,two_area
-DLVCiMg_uM0ihm8PcHWcw,ku8cAVBLaF_4rI-yK6gNnQ,0,,0.0,0.0,0.0,0.0,0.0,sparse
-EYAh6B8abzsq8ld_XGoRw,89COhCW-cAD5-fTXPfXYTw,0,,0.0,0.0,0.0,0.0,0.0,sparse
-Hm4V0KMXftGms0O-uHZiw,OttyLlslpg9fAW3pYbZjUA,0,,0.0,0.0,0.0,0.0,0.0,sparse
-MiV-B9p4rO652My4HjYlA,6zZw9vpk_jNDZlGV1R3LrA,0,,0.0,0.0,0.0,0.0,0.0,sparse
-PR-NbnExaqupp8rJRHB8g,FJjJM6eM94yY5kExmBpbuQ,0,,0.0,0.0,0.0,0.0,0.0,sparse
-Q-PQD7nZ1dhADQTYwlsOA,oCKTM-7LazLVwptMkNNdZQ,0,,0.0,0.0,0.0,0.0,0.0,explorer
-QmEKJ_CzZnT9biZHddfZQ,7dbUShu3yTUVNhTrdnF0FQ,0,,0.0,0.0,0.0,0.0,0.0,one_area
-TQmf01XtBe5jOkHb84WPA,61denhyyLqB_WB7HF99y2Q,0,,0.0,0.0,0.0,0.0,0.0,explorer
-YXBkT3IAz1tUNKLtmvx0A,3iUCCf1FWmjlFbGYvBgf9w,1,22.0,0.0,0.0,0.045454545454545456,0.0,0.0,explorer
-ZQK7CcOHeMwsoG7qKBGkA,XrIFOZ_eY1KTsg6lYRTg4w,0,,0.0,0.0,0.0,0.0,0.0,explorer
-_yn1IOKetBJuPxfK6u8IA,wv3pQnSxA3sR6QqBova-xA,0,,0.0,0.0,0.0,0.0,0.0,one_area
-a3lBj2ulBxrIwZf4zdMTA,RXIf1sx7tKS2zUQN78o6_w,0,,0.0,0.0,0.0,0.0,0.0,sparse
-j1-ixhH0IhAlBXwdjpBug,Qc9r_Vbrx2I4yQmvPIP_0A,0,,0.0,0.0,0.0,0.0,0.0,sparse
-l0-k3ezghmIHCtCnrTdLA,OPW8NuOC_9FVFXsaHOO5JA,0,,0.0,0.0,0.0,0.0,0.0,one_area
-l1bn8D8iZ0n9Q0PgIDGBA,v_AbyvMdKUi_ac4A8nkG-A,0,,0.0,0.0,0.0,0.0,0.0,explorer
-mU1Bd61e_LQ38IKgd3i5Q,CWiLnaLARSLI6ii9wCL4wg,0,,0.0,0.0,0.0,0.0,0.0,one_area
-pUJtDKDeYYBa7ZoyJFBMw,V9-lkYXrapC7o2oqFVPDPQ,0,,0.0,0.0,0.0,0.0,0.0,one_area
-psFb4sFsOm0oRLY2Kye0A,f5KkglmjrmFZ9soI8SXolA,0,,0.0,0.0,0.0,0.0,0.0,two_area
-vZrPZX54a1m-hqAKMTTWg,FPu9JcVfi4munRDBERzFBA,0,,0.0,0.0,0.0,0.0,0.0,sparse
-yQw7ugqK6j81yQSpI0BJQ,69_5ZefofuhXv2ymn-xc9A,0,,0.0,0.0,0.0,0.0,0.0,sparse
0-VeqEryJUgtML9lSqvKMQ,ClECgEMnf6_xlQzEk3IKCA,0,,0.0,0.0,0.0,0.0,0.0,sparse
01uDjmkqP32bTkCHuWIKBA,zwGzwkVeYXE-tRisb8if7A,0,,0.0,0.0,0.0,0.0,0.0,sparse
02hZ8ZzZ1wJHFE1_fPuOwA,QPTkTGLbrIcAfjQzbIg7Xg,0,,0.0,0.0,0.0,0.0,0.0,sparse
07ZgihuH-9Ih5dyI9hxRvw,jMZ56S8Y1t7cA1Ob-d-qeA,0,,0.0,0.0,0.0,0.0,0.0,sparse
0JpB9eEFeKER7UfY8dhxQA,rNXPdkf5NfBgP8CBK16Okg,0,,0.0,0.0,0.0,0.0,0.0,sparse
0NRrwhCDOv3jK2ZcKBnpQg,EZc2myE2mYk2h9JK9qu8gw,0,,0.0,0.0,0.0,0.0,0.0,sparse
0P3MgBcGzj-LtQA3lQXghw,FzelkV3vzxkRgBmVSIqALA,0,,0.0,0.0,0.0,0.0,0.0,sparse
0QzRChUjM48JQarMb9t7ig,EtM079Cj7-B3G7jPsGYb_Q,0,,0.0,0.0,0.0,0.0,0.0,sparse
0SW6-0e8NXaLPyMiUMWlgw,mhj3nCA_nZt9vrl5Q9h_PQ,0,,0.0,0.0,0.0,0.0,0.0,one_area
0Tcj5uCoc6y1xRIw2sIUnQ,2nTnGsDdsRSoCFbk1WWgpg,0,,0.0,0.0,0.0,0.0,0.0,sparse
0W86OPpGSTzjo6nUuUNWQQ,9PZxjhTIU7OgPIzuGi89Ew,0,,0.0,0.0,0.0,0.0,0.0,explorer
0eAE3nci8RZRAjgg5mIEUQ,hwK5v_44MC9YDx2Yr9PTdQ,0,,0.0,0.0,0.0,0.0,0.0,sparse
0fW-YQvz2iC113CRl9xOrQ,n7XtDJQVnxb1UzPPzlOlHQ,0,,0.0,0.0,0.0,0.0,0.0,one_area
0juMoWXC7z4c7LgQP2s3sA,WrgdQF8kzvONbZctSPlF4A,0,,0.0,0.0,0.0,0.0,0.0,explorer
0lMv7mbe73ZqF3OvjrZkyQ,f-idTk9lhN_c9IqvvZ4fBA,0,,0.0,0.0,0.0,0.0,0.0,sparse
0oBj63QKATcyxa6PLAVgoA,yhEbjRzlfCLanl_-LUreVA,0,,0.0,0.0,0.0,0.0,0.0,sparse
0oCP58mpEC2myGlDaRqqIw,Hp1nkc3c3Q7_8oKXFn0vbw,0,,0.0,0.0,0.0,0.0,0.0,sparse
0rHReikDIqL2jZsQJTR5LA,ZcwUOOhNNDyRrrq8_bx1gg,0,,0.0,0.0,0.0,0.0,0.0,sparse
1-oaItKi4vz-z2dF7S2oNw,bmz7gDuJCwEd7nppmb7pjA,0,,0.0,0.0,0.0,0.0,0.0,explorer
10FMZoatpQvFO4_jXgVcdQ,mcr1lAEdvGLMJhuPwI3I2A,1,6.0,1.0,1.0,0.16666666666666666,0.3562071871080222,0.3562071871080222,one_area
10Gvgz8QBwZmZigxPv6szw,bBGEXMW1Mmmhsg8jg0eFfQ,1,50.0,0.0,0.0,0.02,0.0,0.0,one_area
12icG6GeSG6qWnHspF0tHQ,idf-eiurCrbsLRcH7c9zmw,0,,0.0,0.0,0.0,0.0,0.0,explorer
13PmeqpB9nUZNBYngvMj2g,ApVsOGxYLD6TGNqSQUk2cQ,0,,0.0,0.0,0.0,0.0,0.0,sparse
15G6wy_y65sIwQkB1vwvXA,pglnZLI7LJZhONgdFgi0og,0,,0.0,0.0,0.0,0.0,0.0,sparse
167omeb1w3nnsgG_XsNJYA,kjhIbW8NKRvXmLDwz7lzhw,0,,0.0,0.0,0.0,0.0,0.0,sparse
16c91F4TZSA_WjO4XmsBMg,h2zPyUk4k6njRsdumJfwew,0,,0.0,0.0,0.0,0.0,0.0,one_area
1OsvnngVv7faatPCykZcjA,veEVH9fwkhs_iR38LlK2yA,0,,0.0,0.0,0.0,0.0,0.0,sparse
1PDpJNO1t-BsPZWM6zperQ,kQXoYN6LqCs1CElEFWj-bQ,0,,0.0,0.0,0.0,0.0,0.0,sparse
1PEpIGgb2dJO120MEfPbIg,jX4IFqmG4mvoQ90AiEk9vw,0,,0.0,0.0,0.0,0.0,0.0,two_area
1Xx0GXRCFEPMc8GWVR-WRA,P6ud6vukerhdIqpoejMFqg,0,,0.0,0.0,0.0,0.0,0.0,sparse
1ZLJs1J-eYuSL9V9cjClNA,snguCYg0ierKRuUTxCDH7w,0,,0.0,0.0,0.0,0.0,0.0,sparse
1_ereNz73hcAbYill07O4g,Z69f5DLAgRvn528Y61WEIg,0,,0.0,0.0,0.0,0.0,0.0,sparse
1deDzlWUCW8JUhODGBbB5w,dh1C733vVNx7BaIBmwMwNQ,1,89.0,0.0,0.0,0.011235955056179775,0.0,0.0,one_area
1ip4bTJgXwbNBSVsyS3E8A,QtUn-vphzwt_cOQVkDlyow,0,,0.0,0.0,0.0,0.0,0.0,sparse
1kCh5bef88kJuEROh_x0qg,GEfM4uB9j6oIr2_XEaAArQ,0,,0.0,0.0,0.0,0.0,0.0,sparse
1oyOCpBY-oFIfc_HQFSMvQ,7v_HaHN7JBkSu7kG5u63RA,0,,0.0,0.0,0.0,0.0,0.0,sparse
1pCMgUubbT55bEi2_xw0gQ,smJmkoRsklJj5ZoxK--wpg,0,,0.0,0.0,0.0,0.0,0.0,sparse
1r-qp5xs_YDnWd9uASN2Zw,AGZlpvY8u_WcmznFv0rlTA,0,,0.0,0.0,0.0,0.0,0.0,sparse
1s00HiDgj8kTyF4BWUAhRg,q2gRx1K1mbk6zHV4ZOCChQ,0,,0.0,0.0,0.0,0.0,0.0,two_area
1toLeDRKxW72eybEI_Lz2Q,Qge0fYnr28bVu5hIp-rjwQ,0,,0.0,0.0,0.0,0.0,0.0,explorer
2-iZ3lifB5gGWcpP6EgCCw,s6bVg8O4OUumsFn1RCS66g,0,,0.0,0.0,0.0,0.0,0.0,sparse
2DbgNul5tT2QSIZnS0V_RQ,AmI3LIUNwsi4023hOVGu3w,0,,0.0,0.0,0.0,0.0,0.0,sparse
2E2NzYDjIk7dL3TcOl1NxA,bBoZWWIlrFq_TBOdi49mVw,0,,0.0,0.0,0.0,0.0,0.0,sparse
2FY3ETpGCbFPOOHmCGSXig,QyNPxHGRksusViyX3nCQXA,0,,0.0,0.0,0.0,0.0,0.0,sparse
2Hdot8bpjmvtBLLZWXOPMQ,20bDKq5stYIKetpX_KciXg,0,,0.0,0.0,0.0,0.0,0.0,two_area
2Ij6ZjcsarLIOWNfgmVKcw,2GLQjV1-_KbWDVqa3sVCjA,0,,0.0,0.0,0.0,0.0,0.0,one_area
2JfNOO7Cv5eTVOTeIYKkaQ,hDr_bt6MEwlGvGCCKzyzhg,0,,0.0,0.0,0.0,0.0,0.0,one_area
2LINyz4Yl7aFlkInyL0KvA,u3KAwFjxN9AtwElz16ILnA,1,27.0,0.0,0.0,0.037037037037037035,0.0,0.0,one_area
2MZ7wSCTQtxEAYCvVueTag,h7TO_IsmLCYmKKDVOOIeFw,1,59.0,0.0,0.0,0.01694915254237288,0.0,0.0,one_area
2YhDjr0PcilkN_dcp16R6Q,bA4_MDnT5fK7NJaw_YNJaA,0,,0.0,0.0,0.0,0.0,0.0,sparse
2a-J1TbyFZKcAJ1Ap5MUrw,oyA87-Q_vqnmxVOn_auJQQ,0,,0.0,0.0,0.0,0.0,0.0,sparse
2a9uyq3zsX5RIxG_jtpM4Q,ioAcpe5KRvacB2lna-wdaw,0,,0.0,0.0,0.0,0.0,0.0,explorer
2aqjbuRVv5iyvJP8dUCWTw,RrKS2Dk-TZDetIHCv49lig,0,,0.0,0.0,0.0,0.0,0.0,sparse
2db7UH7qOD35M__0wZKt4w,JvawJ9bSr22xn4R9oLvl_w,0,,0.0,0.0,0.0,0.0,0.0,explorer
2i89rpEFc6_dqhdWmXtMaQ,huta5nl96oXBxnFIQeMTTA,0,,0.0,0.0,0.0,0.0,0.0,two_area
2lEyb6TyMTaB8IFV62sCAA,KQgCflC8eqJU5kvJkByXzw,0,,0.0,0.0,0.0,0.0,0.0,sparse
2nnCLoNSBITdQjXaBdLIdA,000idd-3sMexavEppbUqHg,0,,0.0,0.0,0.0,0.0,0.0,sparse
2pIVRpHric00N2HCHmKV9w,Plnxj-bVj4PyOeL3dykGiw,0,,0.0,0.0,0.0,0.0,0.0,sparse
2tIN9jTDxEoF-gSRSnUkPw,EBonJ5tjkxBEUezwosVlLg,0,,0.0,0.0,0.0,0.0,0.0,sparse
2wvdpjLgbY4RvOoDrJ1tEA,bvkZndsHPy0nwpn3_iKCQQ,0,,0.0,0.0,0.0,0.0,0.0,sparse
30F5TB8825KDsfVrnQTKsw,61fGIOE0DxjkZXE5wFDTqg,0,,0.0,0.0,0.0,0.0,0.0,explorer
328rVFXP8uJQjh8vy7HZ4Q,VeJqScDLsoA5WasQSv_Jfw,0,,0.0,0.0,0.0,0.0,0.0,explorer
32EIO-AvcxA5WBTVZWdW1A,LyNFIjzSpEWzmfN3Fk5f4w,0,,0.0,0.0,0.0,0.0,0.0,two_area
3CSPAKNl9RqZm0I-ZN7IvQ,KLTfuIGv9fjarbrY0QHE-Q,1,97.0,0.0,0.0,0.010309278350515464,0.0,0.0,explorer
3Cj25SsNE1ZuaWX75Xr4rA,yRI3Sp1vn5X3g8auuClWlw,0,,0.0,0.0,0.0,0.0,0.0,sparse
3DWDH5MJbfS1g_MXmNbf4w,RKoOl8BbYHbki6Fn5FjViw,0,,0.0,0.0,0.0,0.0,0.0,explorer
3JcNV0lGNwk4eQzVT1rF8Q,qY-BUQY-SFBaSrFHowF3nA,1,66.0,0.0,0.0,0.015151515151515152,0.0,0.0,one_area
3MjgnP15DVSFer9SFI3Bkw,s4mK0fsh4dJR8gOuKkh-Cw,0,,0.0,0.0,0.0,0.0,0.0,sparse
3RqYAJfEJDxIpX3xjnCmLw,RMt9p9efzYfV_cHwXLB-CA,0,,0.0,0.0,0.0,0.0,0.0,explorer
3Z04sdgq22PYtrNswSfz6g,QpyvUColtSYH5VtkcrN6Xw,0,,0.0,0.0,0.0,0.0,0.0,explorer
3aDmSX1qvq49rqcJQlywnw,kzdW2Z8PowmTYMVbEFBXwg,0,,0.0,0.0,0.0,0.0,0.0,one_area
3bIbqh4KqGx4fRaccLjThA,zlVXs63KhHXx7n-vnhyITw,0,,0.0,0.0,0.0,0.0,0.0,one_area
3dOD4idb5GqLLsDsReaFeQ,3OO7ZAQa2sqUo2rzO3UanA,0,,0.0,0.0,0.0,0.0,0.0,sparse
3edsm9Faeg3JoPVC7AJ0HA,9cu2p2Z925hHkWHVyrp1JQ,1,43.0,0.0,0.0,0.023255813953488372,0.0,0.0,one_area
3fEC7SxwGoUH4yWny_x4og,sjNVeNqhDjEFHoOybnt2ug,1,93.0,0.0,0.0,0.010752688172043012,0.0,0.0,one_area
3jLOQJHkRk-qQARirCByYQ,pi1CtS1L_Rd1NcmO-un1cQ,0,,0.0,0.0,0.0,0.0,0.0,sparse
3lx4zwjar1Tsdvd4HCo4jg,o1VvPlD-NNXLsnQ8cDuc0A,0,,0.0,0.0,0.0,0.0,0.0,one_area
3uNaBdaSDghV4mWN1WWWCw,oCzJCQZmlSjvktGE4OVzIA,0,,0.0,0.0,0.0,0.0,0.0,one_area
3yTBmOgMBYNmFXe1PNSssw,_wm4lnfN_vWSuXZH3gXq9Q,0,,0.0,0.0,0.0,0.0,0.0,two_area
41MkK8zdg__ryOQnzzuSlw,BeWw8cFF1maJLbgCeHACjw,0,,0.0,0.0,0.0,0.0,0.0,sparse
47TuxUy9UQkVivfoqqLAKQ,nHuB7fg6XbH9v1aLnlf0Zg,0,,0.0,0.0,0.0,0.0,0.0,sparse
48E8klZrUJZw0BlNzXolNQ,X35j3Upv4pHPiFgEWWx-lA,0,,0.0,0.0,0.0,0.0,0.0,sparse
4LEgzB8iCt-ELL8RkOyxVg,-Oc3gtgcrsApbBPCUoA4rg,0,,0.0,0.0,0.0,0.0,0.0,explorer
4MUAGuqUKJtHPn1rOoXdtg,PZnz-_Iyvw1syzwjbdR_ew,1,44.0,0.0,0.0,0.022727272727272728,0.0,0.0,one_area
4OcTMOPBwY-IET2Qi6e9GA,u537LRjJmHI4eqMARsP9ng,0,,0.0,0.0,0.0,0.0,0.0,one_area
4QnCNzp1jpMPaS0AnjYBLg,8s1smKWPOjkSSMVrRn_nQA,0,,0.0,0.0,0.0,0.0,0.0,one_area
4TWxEoflOQB-0BIxD_PsYw,Vrer8EaGaCeOGCv86dFK6Q,0,,0.0,0.0,0.0,0.0,0.0,sparse
4UwB9p2W1JV2wrkXPWXwwQ,fT0lXvUz41XaZbgtSMqTKg,0,,0.0,0.0,0.0,0.0,0.0,sparse
4XAigL1jG_J1ZwC9Hu6ZQg,6AGpQJdTQmbzx7c2-D0vsQ,1,25.0,0.0,0.0,0.04,0.0,0.0,explorer
4YHpWfw2_0mFuEset7pLfA,GXFMD0Z4jEVZBCsbPf4CTQ,0,,0.0,0.0,0.0,0.0,0.0,explorer
4kLNVonQ7k4bAwtL4leRbw,ziSoLO5D6IsvZpobeZe_pg,0,,0.0,0.0,0.0,0.0,0.0,one_area
4ncqeCTfDWRd-8SUVcDvSg,1JtpcHELRrSDoWS80WtzuQ,0,,0.0,0.0,0.0,0.0,0.0,sparse
4tvekNNUXGGbStdhwJOM_A,q-KONTBeN2fJm31QjZFStQ,1,89.0,0.0,0.0,0.011235955056179775,0.0,0.0,two_area
4urNhVtE0u0Eq9djxQqOMA,5in65oQ8raShdBAqiCLx1w,0,,0.0,0.0,0.0,0.0,0.0,sparse
4v9Wc4MX0A6HHGfkghbhZg,r5xnc_FWCq2IT4I2869iTw,0,,0.0,0.0,0.0,0.0,0.0,one_area
4x2YP5HRi4z1mSI29YC_Ug,fVRnz0q3qMvEzHrH_blSKg,0,,0.0,0.0,0.0,0.0,0.0,sparse
4yhFQ41Ju_QrEEyR-bnAZA,_C7QiQQc47AOEv4PE3Kong,1,63.0,0.0,0.0,0.015873015873015872,0.0,0.0,sparse
505f6LjP1Y_ofO29BuIn0A,RaDmsg_o5YIDszfYuuv95A,0,,0.0,0.0,0.0,0.0,0.0,sparse
50rxO0T8Z_5azw-V3dJLpg,EmJF-xSIOaEEOWcK8UOBqg,0,,0.0,0.0,0.0,0.0,0.0,one_area
51J0DDJS22fKeYWrxA56qA,HCHHrf21UAgbxAi8T4Q4Iw,0,,0.0,0.0,0.0,0.0,0.0,sparse
51Mzh0f6vH0-ZiXj9jFVhw,XXDEenRSZ4Tj1W0oHyhWJA,0,,0.0,0.0,0.0,0.0,0.0,two_area
53-0CIUo-pd5ysfvHXb2yQ,iBBV8vesQ8fo2IQA7an1JA,0,,0.0,0.0,0.0,0.0,0.0,sparse
56QSLA3M13Xk1YQ0pXa5tg,0FitysDUUCptqQY8K0nBYw,0,,0.0,0.0,0.0,0.0,0.0,one_area
57isKa2QYAhBmSw0phrRDg,9gEpzuXI-brQftkdPtfd1Q,0,,0.0,0.0,0.0,0.0,0.0,sparse
5CHSYIv5X8ybaA0LndWaEQ,dNFGbezaxeBR71BdpspKqQ,0,,0.0,0.0,0.0,0.0,0.0,sparse
5DL6Gx3zdZb8YXtlpFhmkw,gtWWfctKwRiYyzfg2kIzxQ,0,,0.0,0.0,0.0,0.0,0.0,one_area
5FYEtbk8dSSp63LA7fu1Lw,XC30E7D4gfIrLmh4d4prSw,0,,0.0,0.0,0.0,0.0,0.0,sparse
5Fjs7GKqFu1Feg6-RufCuA,Dv6RfXLYe1atjgz3Xf4GGw,1,73.0,0.0,0.0,0.0136986301369863,0.0,0.0,explorer
5Fwg3IQNXb_VRwC6revvpg,2KePuSxPpElWqKZLLoCqMQ,0,,0.0,0.0,0.0,0.0,0.0,two_area
5G6P9ctMoLtkOe9jRTSONw,8NyDM-FDoWEEeEG9XUwnbg,0,,0.0,0.0,0.0,0.0,0.0,sparse
5K0fBWj5bek3vGU3Svf61Q,6Ty-KKWq6hLZYW8DWEHYvg,1,31.0,0.0,0.0,0.03225806451612903,0.0,0.0,sparse
5ORHA1uWD3GxWq5DlEZU7g,edO1Rej_-_I4vPSVYIZ5NQ,0,,0.0,0.0,0.0,0.0,0.0,sparse
5P62O12MbDoeyIID4Kyrng,ww3YJXu5c18aGZXWmm00qg,1,19.0,0.0,1.0,0.05263157894736842,0.0,0.23137821315975915,explorer
5Sa5eBLh--gQ740BUPETtA,YHrP-o3aTo1JJXGsQovU0A,0,,0.0,0.0,0.0,0.0,0.0,explorer
5VRu5uB7ORo0mUYKpGYz2w,nX6UtFI-nm-MOsMQoDIKLw,0,,0.0,0.0,0.0,0.0,0.0,sparse
5_Lyyx0QxzBWes-rWX2qWw,8jQDG9FVTx0JtUhXCfPV5A,0,,0.0,0.0,0.0,0.0,0.0,explorer
5fyBgjLIT-Tt6rXIb9QllQ,_MWbuRiTqbWEjlfxRAvzWQ,0,,0.0,0.0,0.0,0.0,0.0,sparse
5hMjGLu-QXyHVmRx4SIi0Q,47PQER5Q4OVmQhVZGE5nJg,0,,0.0,0.0,0.0,0.0,0.0,sparse
5pz-aXTubStlIgjp28Rdaw,sb8-TzsXOV7IsErbpHZo3g,1,51.0,0.0,0.0,0.0196078431372549,0.0,0.0,explorer
5uhZbK8Fu_VD71zzwtVQ_Q,-Tskf8WK17rb3ZfeFuRSWA,0,,0.0,0.0,0.0,0.0,0.0,one_area
5uthbpu4AkVeFfNBIPBjZA,nQgchGUCFbIQfpW1XotdBw,0,,0.0,0.0,0.0,0.0,0.0,sparse
5yZr0ZOYqPykAXWTNHS4Sw,hEb0f7wRZBUhX5f4CWEukg,0,,0.0,0.0,0.0,0.0,0.0,explorer
65ImPKzTM8FDDLEScDjVFw,hc7I_QpCszT3mlIP9uW19w,0,,0.0,0.0,0.0,0.0,0.0,sparse
68963__E9ipbuaEKjEkfRQ,T9ipW3BH2_wTUNEGOBpYVQ,0,,0.0,0.0,0.0,0.0,0.0,sparse
6C8Ne6yRu6TzBLbhfhdduw,LaTe2iIyih62D1kCQ0hflA,0,,0.0,0.0,0.0,0.0,0.0,one_area
6DZZO3lH_u6riY9PxAmF7g,fNrIpFcGr8-lMgTQJLRayQ,1,58.0,0.0,0.0,0.017241379310344827,0.0,0.0,explorer
6HCyMWzgRYexwGCNWbLlFg,5WNohYDxnUF_zx8d_MxlbA,0,,0.0,0.0,0.0,0.0,0.0,sparse
6I5oZmEkXEzJiVGyrqecTw,C5ZOzlslhMxRJDjBDV3KoQ,0,,0.0,0.0,0.0,0.0,0.0,sparse
6Nbc29KSLuses46gGiQmNw,1pi4PuZxgSnRRNLnyMCD4w,0,,0.0,0.0,0.0,0.0,0.0,sparse
6OfZD5jh5VdKu0iesOiggA,CwlTwIit3XNr2-I7Oq-6hg,0,,0.0,0.0,0.0,0.0,0.0,explorer
6Tbarl0uObmmhRpTagSHeA,SxN12oF4s2DXL5W2zfqWEg,0,,0.0,0.0,0.0,0.0,0.0,sparse
6ULWXgDTwp-d91927AcnbQ,0CEUpFtaKhxbmrbSdP9MUQ,0,,0.0,0.0,0.0,0.0,0.0,sparse
6VEL7i246NsaHu4T_1WTvA,ujUb29BOYcUyhMcnqo4bWA,0,,0.0,0.0,0.0,0.0,0.0,two_area
6WxhaJVulNUUsNZJ7waaGw,llsyAQbVJ9pxboSnN1g8Rw,0,,0.0,0.0,0.0,0.0,0.0,explorer
6eCRJd8XL94hVBZyOS5Cgg,luYd10r7vsGoVVVYDG4HZQ,0,,0.0,0.0,0.0,0.0,0.0,sparse
6fLYq0zPb46LTl4i5R6QdQ,3gVSrS4kffGGZT8oXHsIcw,0,,0.0,0.0,0.0,0.0,0.0,sparse
6icu2w2Llljakm5CrOYoVg,ZKPrXH_GNW_AtZ31tP3NmA,1,78.0,0.0,0.0,0.01282051282051282,0.0,0.0,explorer
6mFXqES400I4b4tpEuCSwg,L7J8aZmdz_DNhEwFb3QnBQ,0,,0.0,0.0,0.0,0.0,0.0,one_area
6pIs1ACiUCAMN5QlV-hhjQ,VWTQpgexQBp3z_HdlYiq5g,0,,0.0,0.0,0.0,0.0,0.0,sparse
6q-QDrPQSjbE3qpWazjphg,tP-AlhGZYzqyr0CouTCmUg,0,,0.0,0.0,0.0,0.0,0.0,one_area
7-yZhJfvsUC7ru2H6h965Q,lqyYsXBAO6cVGR0cPCeydg,0,,0.0,0.0,0.0,0.0,0.0,sparse
73xRtTbE-vw07Nufyp5twg,0uL-FXY1M2UC12eZcFlTuQ,0,,0.0,0.0,0.0,0.0,0.0,one_area
79xmVhmZTwEfkKd2K9cBcA,OLv_9dEcUGLq6AasZuloQw,0,,0.0,0.0,0.0,0.0,0.0,sparse
7D8Nkcb6ujJCGIBkQ93Nhw,GXFMD0Z4jEVZBCsbPf4CTQ,0,,0.0,0.0,0.0,0.0,0.0,explorer
7Eq71a1cwHZ-T-k9pusdlw,sxou3KK5uYsRdl2RPsErbw,0,,0.0,0.0,0.0,0.0,0.0,one_area
7J-yjbrIkrtsEh1J41a6dA,SngzfDhp5ghO3z_fXZqA5w,0,,0.0,0.0,0.0,0.0,0.0,one_area
7MneXFWqHcdcNNFBz52OkQ,gP_oWJykA2RocIs_GurKWQ,0,,0.0,0.0,0.0,0.0,0.0,sparse
7PX0tBKF2SEXZL8nfkoz6A,avB60OOVc_YOyfbz2AqL_g,0,,0.0,0.0,0.0,0.0,0.0,sparse
7PZ3zf7imfiqU-Dyau5JOA,5rScKeYVjFk8VahsvJv9QA,0,,0.0,0.0,0.0,0.0,0.0,explorer
7YXyZp00JU_PjSyLCDpITg,O86a724buuMGnaDVK80T-w,0,,0.0,0.0,0.0,0.0,0.0,sparse
7_bkOv2-rqxI_IxoxO7fcw,ZiQiMlvgk19GrEEkN9kyRA,0,,0.0,0.0,0.0,0.0,0.0,sparse
7a5xVAMhxn9StliGtvyVXw,mlrzM-jUkKot28XJhScuuA,0,,0.0,0.0,0.0,0.0,0.0,two_area
7dG76pMZyJ_450sDpomwQg,59JpYjwb0GcL_iOG3eqD9A,0,,0.0,0.0,0.0,0.0,0.0,explorer
7ihniF9YdlXsObIYPHZ9Zg,BjeHLwKOlHyV6DJgmZxAjA,0,,0.0,0.0,0.0,0.0,0.0,sparse
7lQr595yf07nYmgQ-DChgA,g9efAF87UAgqbzKwQlOzxw,1,49.0,0.0,0.0,0.02040816326530612,0.0,0.0,one_area
7uOr2_NMoIUJDzTgicmbLw,NIQWO-Q_F598XlAvZnFVCA,0,,0.0,0.0,0.0,0.0,0.0,sparse
7yA1eM8IyKFa8zJxQfUFng,QIUunGyXImTmsiafyWPO7Q,0,,0.0,0.0,0.0,0.0,0.0,explorer
83kydCNDNi5cQuh3ILLVvg,UG9yclkxBcsHFb9U2Q_WdQ,0,,0.0,0.0,0.0,0.0,0.0,two_area
864qGKT31izMD-uEONbqLQ,wKxMpqTahZzLOSC_hPSSog,0,,0.0,0.0,0.0,0.0,0.0,sparse
86UlfAuehJBlAm06GXzBFA,Om9eoEcwPK1lp1-HEjBzeQ,0,,0.0,0.0,0.0,0.0,0.0,one_area
86fipBwL3HjJd7c_UhtpNA,x8-sTKZG59RUhgGj_kcyVg,1,50.0,0.0,0.0,0.02,0.0,0.0,one_area
87X_fbfge3a00aD-fJwgbA,vN6v8m4DO45Z4pp8yxxF_w,0,,0.0,0.0,0.0,0.0,0.0,sparse
8GYPLFRdSl317EgD6Ox8Pw,idgiIkTcPSbG14FioYBqdg,0,,0.0,0.0,0.0,0.0,0.0,one_area
8RRUjWq_JCojHHAHmwXpdw,4D1bpaK80jcfniPSo4WsGw,0,,0.0,0.0,0.0,0.0,0.0,one_area
8RgVFXrRnyy6DVBe0SVCTw,u2Lv3CNtFCy7t34f_porWA,0,,0.0,0.0,0.0,0.0,0.0,sparse
8Rsk_QxsheU01ali2ar0rg,HCqmx4ENAZ76SAjoalj-MQ,0,,0.0,0.0,0.0,0.0,0.0,explorer
8S8Vn_P5wQgC3LMDI7_uZA,q6hWVlVeiCgMgM22wt1wfw,0,,0.0,0.0,0.0,0.0,0.0,sparse
8TmB1EAteclC5vAlgEguBA,8G4mt9y5mRg161XBs-hePw,0,,0.0,0.0,0.0,0.0,0.0,sparse
8WFVPJHCpaEQe9SeG8B7jg,hojeOgKi-dRfd4da6gPdJg,0,,0.0,0.0,0.0,0.0,0.0,explorer
8atyZ5ZHLuN7dQoWqFfQeg,bxnjcNGQmxAyoUfg5LXntw,0,,0.0,0.0,0.0,0.0,0.0,one_area
8i44YNsLcG4QB_vYbOCdvw,-OWsJkkKmcMA8ecGLSUg7w,0,,0.0,0.0,0.0,0.0,0.0,explorer
8mjvoi3-CIuGGpFvIElj5g,k1nxMoD-KHswR0lC0tujpg,0,,0.0,0.0,0.0,0.0,0.0,sparse
8oW8AgoDwIO8zObOD9IacQ,3eJMsl41qwhcYlvoTF1ElQ,0,,0.0,0.0,0.0,0.0,0.0,sparse
8pD-h427Y_aDcPxhDR7z8g,BOjpe0u5u_cm9SWMS2KLFg,0,,0.0,0.0,0.0,0.0,0.0,one_area
8qE3WisgXGm1nXxIBbM1Sg,wb_z1h7XR5IQhVRZHlMuLQ,0,,0.0,0.0,0.0,0.0,0.0,explorer
8sN5xAOSfcqvO-If6nF7Hg,lTeoNvVo9cNvI5DLRkl9Sg,0,,0.0,0.0,0.0,0.0,0.0,sparse
8xNsJ8Amji8xhaQ-3ABZ-w,MA5y-O4HDU1e8H_9ghcVwg,0,,0.0,0.0,0.0,0.0,0.0,two_area
90LhNTiAW-yZ-02ks5QLIw,Vf2VpSmAHwaQzkIwYdFyRw,0,,0.0,0.0,0.0,0.0,0.0,one_area
96YkaD7jVs4sXXoSytxogQ,Ppy-UN5RptIog4AvNnAM-g,0,,0.0,0.0,0.0,0.0,0.0,sparse
9C2ztWzDKBkN1o1qtT77Tg,ws7z5fLdaVgwxZ9ex3cKxw,0,,0.0,0.0,0.0,0.0,0.0,sparse
9DiJLroN8jf1j5nxgWiBVw,DGvkU7CkdBs6lNbncQmF3A,0,,0.0,0.0,0.0,0.0,0.0,sparse
9FGFghIFROXJC6fpORsJaA,t0Qyogb4x--K9i5b0AoDCg,0,,0.0,0.0,0.0,0.0,0.0,sparse
9ME52ggZxDojxENEgQTFoQ,jZGqAdBlDnrP-J7--vdPxA,0,,0.0,0.0,0.0,0.0,0.0,sparse
9SyeNq0ln5WvBAiawzItCQ,uQSCNdPI0dC_sPsOh1U8NQ,0,,0.0,0.0,0.0,0.0,0.0,two_area
9Tjl8JIBdRljx2qoNVOkkA,2cy6NSRL9-KOV1hGwKuUlQ,0,,0.0,0.0,0.0,0.0,0.0,explorer
9UTJNIyd-W9u6X_XzY_EnQ,nR5YybQrv7P62jd_oP5p7g,0,,0.0,0.0,0.0,0.0,0.0,one_area
9eqmrvVdTqIAtVnP4uErag,OMnPtRGmbY8qH_wIILfYKA,0,,0.0,0.0,0.0,0.0,0.0,explorer
9f5NZKt5ca05plBaJK8dbw,GmJDCmDhtKbjofeO35yBrw,0,,0.0,0.0,0.0,0.0,0.0,sparse
9jxdX438tkiuCEwpzojeVg,PQYuPr2Dfm2S49EULjl1qw,0,,0.0,0.0,0.0,0.0,0.0,sparse
9lmop9S70gBd8-xMeokSsQ,9bQARf2F3qvK1Ek22rqK9A,0,,0.0,0.0,0.0,0.0,0.0,sparse
9q8qKP-k3eDS1b19ozh_dg,BpIwDr5mG6wG5-Pxu3yxSg,0,,0.0,0.0,0.0,0.0,0.0,one_area
9rQ-1w3XcC4iPLZhdFpEoQ,Qmrw1chFGn3skbWFEyxYCQ,0,,0.0,0.0,0.0,0.0,0.0,one_area
9uQZSsw1fxAW7sfa-uCNQA,BjeHLwKOlHyV6DJgmZxAjA,0,,0.0,0.0,0.0,0.0,0.0,sparse
9ukBi_EHvEYMKfKJaXsCCQ,uZYBF0YTU_iKq4_L_PDtMQ,0,,0.0,0.0,0.0,0.0,0.0,sparse
A-Q8B87FqO4Ym6PW4w-a4w,RqW9S4WG9UYZHKhHRHXJZg,0,,0.0,0.0,0.0,0.0,0.0,sparse
A7CIyRrCic7392kihfO9cw,4L7dHzx3QWJB4v2bDN17SQ,0,,0.0,0.0,0.0,0.0,0.0,explorer
A9tUlN3vJBxIIKSUAgIPAg,rdXWSuo0CVx5gYZOJMZdDw,0,,0.0,0.0,0.0,0.0,0.0,explorer
AL56au5XO_CpxIUG9itlRQ,xlMQBBt9wrtahdqiRDcVSg,1,91.0,0.0,0.0,0.01098901098901099,0.0,0.0,sparse
APTXbNi0z1rndLT4RrZlPQ,qdUx7wxwnT80MkaqGCTfSQ,0,,0.0,0.0,0.0,0.0,0.0,sparse
AULMnhV2lvHeX1SyuwYpIg,wkO1a_i1Mzpd-0sbiLa7EA,1,36.0,0.0,0.0,0.027777777777777776,0.0,0.0,one_area
AVHpzzL5nWK9DNj0iNhMuQ,G1nix5cIWx3Jla8xZG-xAA,0,,0.0,0.0,0.0,0.0,0.0,one_area
AWl03RK1j1vCEtp9hZ1kGw,fB_VJEJTIMyWv5hC9T-xwA,0,,0.0,0.0,0.0,0.0,0.0,one_area
AbANvs8XMAynUaMX-yRwmA,E_u7z-vsSG_1gqflBOwtRQ,0,,0.0,0.0,0.0,0.0,0.0,one_area
AbKQK0qWh0yS4zcKD63CJA,R6P3KSFafpKz6bEtHsWz1A,0,,0.0,0.0,0.0,0.0,0.0,sparse
AfccxjKm5bXDkMJmR4U_jw,04l8PYcuYQeEkEhJCbhtOA,0,,0.0,0.0,0.0,0.0,0.0,sparse
AhWH6vJxwW_2X7px923s4A,ac1AeYqs8Z4_e2X5M3if2A,1,14.0,0.0,1.0,0.07142857142857142,0.0,0.2559580248098155,sparse
AnklF9Yl3-_WtnE3UVKhug,hX8mDoDLluKNeKwU9mShJA,0,,0.0,0.0,0.0,0.0,0.0,sparse
Anx6fA6jHXmLS7oaUFXJcw,rNY5xg0FZSBopfmi-QZ_NA,0,,0.0,0.0,0.0,0.0,0.0,one_area
ApLNfKAZaoHra68RDqNc5A,oqP1oQEycpp4J6u5YebRoQ,0,,0.0,0.0,0.0,0.0,0.0,sparse
ApU6JH060NFwj-vWtYSnng,3AZjEgNM6CiOePDKKAQWgA,0,,0.0,0.0,0.0,0.0,0.0,two_area
AqMTCZQhrNE5wp8FfMdF4Q,j-qtdD55OLfSqfsWuQTDJg,1,28.0,0.0,0.0,0.03571428571428571,0.0,0.0,sparse
Ar0bSCVCwm2m7zknSqoJ7g,tK4IESvKszHhktsTktNBhQ,0,,0.0,0.0,0.0,0.0,0.0,one_area
B-zYhfJXIeorX7Au0szmuw,2CrM7eYAT_vnEQnd2zTf6Q,0,,0.0,0.0,0.0,0.0,0.0,explorer
B0WllkuBSbKiEQdba7oDqw,edmCIaOGJVFWM9xiNQaumQ,0,,0.0,0.0,0.0,0.0,0.0,explorer
B1Sd6x9y1pd4PWAGrHo3xw,ezB8e2rijjViprrcTdIiQQ,0,,0.0,0.0,0.0,0.0,0.0,explorer
B4JCtIWy5F_HdpOiWmoehQ,MObScX791gFEwtkoFA9GQg,0,,0.0,0.0,0.0,0.0,0.0,sparse
B9XQV2_H31eGXc2u84DBrQ,rsMbMeW7IbXxPFh4WwbddQ,0,,0.0,0.0,0.0,0.0,0.0,sparse
BCe4G7hipGralBrxP3zohg,D4UMA28VYhKUU59KXZTiQQ,0,,0.0,0.0,0.0,0.0,0.0,sparse
BF--mvZ0nX6EixyAn45MgQ,FrAPxIG3BSaeJN9kvhkEWg,0,,0.0,0.0,0.0,0.0,0.0,sparse
BH0oRNG_gQ2_uHkNXu1BHw,jM-oH5U5zcnfpmcbsgMVHQ,1,71.0,0.0,0.0,0.014084507042253521,0.0,0.0,one_area
BHmMszxIdaIEYQ71m4UXwg,7oqmT9JUeHToou2vzNPYFA,0,,0.0,0.0,0.0,0.0,0.0,explorer
BJ3CCvFv9l8eNH_cun2C_g,ac1AeYqs8Z4_e2X5M3if2A,1,14.0,0.0,1.0,0.07142857142857142,0.0,0.2559580248098155,sparse
BJb7tRkFKouMM5dasjXghg,jHZS9GIhW7s9r4w5w-0A0Q,0,,0.0,0.0,0.0,0.0,0.0,one_area
BRk2yc1ax9NVPhBzhWGKJg,c-iLk7gTKR4naEgfvW4TzQ,0,,0.0,0.0,0.0,0.0,0.0,one_area
BT7wW9cag2NruuBjXSPa4g,7U7RauxQC439NNwLHodZ6A,0,,0.0,0.0,0.0,0.0,0.0,sparse
B_6HlbxJIXCH1EpzTmKUEQ,-3AooxIkg38UyUdlz5oXdw,0,,0.0,0.0,0.0,0.0,0.0,sparse
BfrmjP8vcYzE1NM_1iydUw,ww3YJXu5c18aGZXWmm00qg,1,85.0,0.0,0.0,0.011764705882352941,0.0,0.0,sparse
BgZazgMoKPIb3aefyPH7nA,EYw42-YsnMr0pbqM5YXRxw,1,1.0,1.0,1.0,1.0,1.0,1.0,explorer
BifKXqBKDtUG1FcFo3YmXg,vfsLSYAE-ho5UH45IsJj_Q,0,,0.0,0.0,0.0,0.0,0.0,explorer
Bk3FIBR8ujP97RNT2E856g,HmeKJIWJaJ7u8V9NhnZIEg,0,,0.0,0.0,0.0,0.0,0.0,explorer
Bt-R-1JFFJ16kW8mpmIkYQ,nC1nF306iY8kR_4H-yDHaA,0,,0.0,0.0,0.0,0.0,0.0,one_area
BundOhhU66aDA5evpfxFhQ,3cyjdxvskRcADylzLI32cQ,0,,0.0,0.0,0.0,0.0,0.0,explorer
BwrccHlkp3xbIEZRIaAd-Q,JLGplVKQEm7u_5OZLwznMQ,0,,0.0,0.0,0.0,0.0,0.0,one_area
C0s8a1uSN31DvZRSUQxPnQ,HcGf2E5t2Y1wPvC9BZxHKg,0,,0.0,0.0,0.0,0.0,0.0,sparse
C0vmWVLf7Kk202ltEZxnTQ,cAbdvzqtFLaAAMFIyPf2AA,1,23.0,0.0,0.0,0.043478260869565216,0.0,0.0,two_area
C2aiyN4gcEPNfPm94ZoK-A,kAmXP3e66dxu21-5_9sBsw,0,,0.0,0.0,0.0,0.0,0.0,two_area
CCNhUBv0Br_V_4GYIzP1-g,VQcCL9PiNL_wkGf-uF3fjg,1,4.0,1.0,1.0,0.25,0.43067655807339306,0.43067655807339306,explorer
CHeMEder5ijEoCPLWjto_Q,ydpTeUOS3fvu3uP47s-_Nw,0,,0.0,0.0,0.0,0.0,0.0,explorer
CJzZr2i7eczlt1ZzUTIfyA,q_PFmdGcKx2H7z2ze8H26w,0,,0.0,0.0,0.0,0.0,0.0,explorer
CMyI-HxcIyx3DgQMi4RlKQ,AeMkL04sbaN3Humet9jkHg,0,,0.0,0.0,0.0,0.0,0.0,sparse
CQDg6a4wDgkqRUJZSzXc-w,By4ssT0VB02RMKPmxvDBWA,0,,0.0,0.0,0.0,0.0,0.0,explorer
CTl0VeGdRuYC-SQjL6dyFA,73ZXjIfdHJs59XOzKHQ45g,0,,0.0,0.0,0.0,0.0,0.0,explorer
CVykZEJt9f3r-N4rwDSOUA,30cpm1uq6xcQCmN6JTrB8w,0,,0.0,0.0,0.0,0.0,0.0,sparse
CX90wCFjtd5XrOcDbq2LXQ,bcfXCWaYxIN4UoV_94ksLQ,0,,0.0,0.0,0.0,0.0,0.0,explorer
Ccddp-vnQJdTfJXYm0VfTg,931Xzzxb0zOMj_6jgPJerQ,0,,0.0,0.0,0.0,0.0,0.0,explorer
CdXDc0B1C9Bb_cBnj3unhQ,UYDFNziNUAw6F05vXUqGXQ,0,,0.0,0.0,0.0,0.0,0.0,sparse
CgyDV9vFQxDG4CCwmy1DHQ,sWGuBzxJHtLkDxHclIwbPQ,0,,0.0,0.0,0.0,0.0,0.0,sparse
Ci0BwfDoR5pssc9qFbBXtg,rjdUiKAXXYHIH20zVTcPXw,0,,0.0,0.0,0.0,0.0,0.0,one_area
CrHmKkHjDeatH_Al1tA_bA,FpwmIq3Gpo6hGIrOOv8lTw,0,,0.0,0.0,0.0,0.0,0.0,sparse
Cs72RRoeaDYlzTI559baAw,GJUSPJThoiOd4FsXvMvB4w,0,,0.0,0.0,0.0,0.0,0.0,one_area
Cy-9C0jchr2994TYuPB-CA,PmJx4zNYCyR7Hx9AmgUUJA,0,,0.0,0.0,0.0,0.0,0.0,one_area
CzOzhuZq5_-JSx7TtlPxEw,g0cUlBQ2pGRxWtL6qwyeIg,0,,0.0,0.0,0.0,0.0,0.0,sparse
D03upeuF2ujZrkOGvG9S9g,hdCu74rz33m3EgDmdDn1SA,0,,0.0,0.0,0.0,0.0,0.0,explorer
D2WBLgdkgS69phazNyk8fA,_ab50qdWOk0DdB6XOrBitw,1,6.0,1.0,1.0,0.16666666666666666,0.3562071871080222,0.3562071871080222,explorer
D2zUnoQddNriv7meYdh-og,w2ARyinSfR1oSz_UBpgh0g,0,,0.0,0.0,0.0,0.0,0.0,sparse
D7-KBgqB4ax7JeJMWOh2eA,xleMp7jTnm9sryi5dvV-1g,0,,0.0,0.0,0.0,0.0,0.0,sparse
D89P0L7HeYUAEfm88rpWgw,ZiEnbtECCJjvBegWMFLs1g,0,,0.0,0.0,0.0,0.0,0.0,sparse
DEFtEdqzIjufKlKlBcUXjA,BTPo7yWQ7xFOkoh7V9wDTA,0,,0.0,0.0,0.0,0.0,0.0,sparse
DEpRiOoisiQ7C48rUMpo1Q,0wZJkj-OnZ7Pmublspl7tA,0,,0.0,0.0,0.0,0.0,0.0,one_area
DG09bmwC9KbIhhLrNVyNpQ,Og1HekJMHKqsvtWaUp9V8g,0,,0.0,0.0,0.0,0.0,0.0,sparse
DHDcrxaZB9xtQluAbsm4kA,vC2Yt0Cdm5x0K-a78vQU8g,0,,0.0,0.0,0.0,0.0,0.0,sparse
DKflxq0TIfcytOy4NHfzSQ,4KscCdMdkfSZZOn1qQOxzA,0,,0.0,0.0,0.0,0.0,0.0,one_area
DNPcxmIPik7BjJCfhAjmHA,zQ-CO0jHvJEsr3HRWHnobw,0,,0.0,0.0,0.0,0.0,0.0,sparse
DOj9NanlJP3xntULCy5Uow,Jzb2IQSwPfULWzdl9Bq5fg,0,,0.0,0.0,0.0,0.0,0.0,sparse
DQqKnv4_x0VKu8AGXL3fRg,l8gAoQqqVfphPe9jmIJZ3g,0,,0.0,0.0,0.0,0.0,0.0,explorer
D_k5FMYuU-iM6TM9UHm2gw,WtH2z1TlxLgh5mZrGQnkuw,0,,0.0,0.0,0.0,0.0,0.0,sparse
DddhEBGHlvCkI1pZIeQ26A,tMUA2eajVUqrU8tdA-DvnA,0,,0.0,0.0,0.0,0.0,0.0,one_area
DmfT2HBhi7iJS2zjuP7LHw,fN12ywQpLXQ93bpwe1N_Ww,0,,0.0,0.0,0.0,0.0,0.0,two_area
DpICLS_YULIDrrSx-9y7mw,3Wy21heeDm8h2tSZfcj6OA,0,,0.0,0.0,0.0,0.0,0.0,sparse
DpQkAl1T7LjnrD8Yp1xqKQ,C26xmwM2_OgJJi2BbL3KkQ,0,,0.0,0.0,0.0,0.0,0.0,sparse
Dup9bRkbtiUeEZJn8sV3Qw,Kybc9ifWDfLGUt7QObEFVQ,1,92.0,0.0,0.0,0.010869565217391304,0.0,0.0,one_area
DvV1vSqSDfM1xq7ZlsD7LA,plYw0lBpAIBdwqH8FY1H_A,0,,0.0,0.0,0.0,0.0,0.0,sparse
E4l9V_HIS30m683r7t1tsQ,cR_5wHI9bMpcVma8OH5dsQ,0,,0.0,0.0,0.0,0.0,0.0,explorer
E83utrUHDcRz4fkM1RcnAA,SZU9c8V2GuREDN5KgyHFJw,0,,0.0,0.0,0.0,0.0,0.0,sparse
EJCdAp5V6nY1neXDBxIWIg,wcsGUJIf16NXYu187CANWg,0,,0.0,0.0,0.0,0.0,0.0,sparse
EL7M7hkYHEbXrYICz2jrjg,RVIDySg190UzD4bipBqSOQ,0,,0.0,0.0,0.0,0.0,0.0,sparse
ELAfGVuGSdF_F5ZAjScmuQ,HH9x7WcNQR3cnwkHo_YL0w,1,7.0,1.0,1.0,0.14285714285714285,0.3333333333333333,0.3333333333333333,explorer
ENBMZXX3ndtfJouRwQfK2Q,WfirX5srPxO81WfhTgQnEg,0,,0.0,0.0,0.0,0.0,0.0,sparse
ETTgsiuBjUH5ZrpopQdJog,0dHYqZ4O5FRwYWEteahfAw,0,,0.0,0.0,0.0,0.0,0.0,sparse
EWBOMeX_OIcAWXuvs_4SKw,LM4-MPJIIwQlpBVZuzbJxg,0,,0.0,0.0,0.0,0.0,0.0,two_area
EX8IBK47hkhn5vmUK9Zapg,OR1jehTozILIG4FzoxJcUw,0,,0.0,0.0,0.0,0.0,0.0,sparse
Ea9eK_hPuyNX_3ee5eeWKQ,-Fka99c-tJ-epWYNIobqyQ,0,,0.0,0.0,0.0,0.0,0.0,sparse
EcALn2zLCFa5CcLJU41FiA,IWHdx0NhDKADkGOgXgOFKQ,1,39.0,0.0,0.0,0.02564102564102564,0.0,0.0,explorer
Ed7bYTRKq9zxhqe4x8zyUg,0TwZfZHis6e4o6sBogUJVQ,0,,0.0,0.0,0.0,0.0,0.0,sparse
EeI4yjrvQi_H_q-5CXjUfg,S8ZFYEgMejpChID8tzKo9A,0,,0.0,0.0,0.0,0.0,0.0,sparse
EjLbQQiz093KnubKfIvINQ,OBvAvvz04spDGJA5yQ2ueA,0,,0.0,0.0,0.0,0.0,0.0,sparse
El1B-LD3p_TxuKr61FA7dQ,Li0rvEbw0kGwYcwGM2HJxg,0,,0.0,0.0,0.0,0.0,0.0,one_area
ElMFfuOLtIMioFu5cNvLzA,CBWmYHLgtFrOJs7SCcQn0g,0,,0.0,0.0,0.0,0.0,0.0,one_area
EmFmu3jzYIhbRf-Pn4MSCg,rX_6d69bZvVK_NsuzQPZkA,0,,0.0,0.0,0.0,0.0,0.0,one_area
Eo8lE6YTCdepIe6jFBLY8g,BYuiZPNQ_i67VXl5b9BBSQ,0,,0.0,0.0,0.0,0.0,0.0,two_area
Eqxq2AfFjnut6DwnSmoFtw,TMdphvu8Vmd2CaJXfiGzUQ,0,,0.0,0.0,0.0,0.0,0.0,sparse
ErGx-mxO_2ettuuoWyrdKw,W57360g1e7xMGerm7wPW0Q,0,,0.0,0.0,0.0,0.0,0.0,sparse
F4hYr8e1tsHChae80QP_Zw,djGSPb8zwOZ-Cl-DFDubsg,1,30.0,0.0,0.0,0.03333333333333333,0.0,0.0,one_area
F5dcvW1xry-LFoVLTYwPxQ,JHxfEDW05_KSTfk-SLqXGw,0,,0.0,0.0,0.0,0.0,0.0,sparse
FBd1Qjnnc1Loh7ZY7FD9Zg,ALK-7tTvDKAzxAtIiNyh2A,1,45.0,0.0,0.0,0.022222222222222223,0.0,0.0,explorer
FFKXYa7GorddjVbL_tUIMQ,OZcl2HOUXAHuICrh5d2WjQ,0,,0.0,0.0,0.0,0.0,0.0,sparse
FOX1YV6UwT1UmHLaKEpQEA,F9OFNrITmQ1a9glscJ20ag,0,,0.0,0.0,0.0,0.0,0.0,sparse
FOr8-Ti5mmAgolMogQ5xnA,oHvEgLH6pAkcrPmeR1l3UQ,0,,0.0,0.0,0.0,0.0,0.0,sparse
FRuY-52dJKwYWj-hFcQX4g,1o9IdLrFGMS2o5Y8uXKC0Q,0,,0.0,0.0,0.0,0.0,0.0,sparse
FS1Ixg7ze8Pa0zlriLg4Zg,MlXH9dWYDFEBbwuGStlfZg,0,,0.0,0.0,0.0,0.0,0.0,sparse
FSfuXJ1dkdjCWTsGlxzx2g,WXgV2lOUgas7DzTLeDau-w,1,44.0,0.0,0.0,0.022727272727272728,0.0,0.0,explorer
FT2nyZmkjf94bgO3coTARg,s-Ff-8M5-AR-5jl59lCj1w,0,,0.0,0.0,0.0,0.0,0.0,explorer
F_yjAG4_dEZYmBHhXXG0uA,jS3affmkXWrBnidXA-DIfQ,0,,0.0,0.0,0.0,0.0,0.0,one_area
FbCoRdahscG4l0TWZj5LJA,KWMdCTrepsB8YFBC8JBQsA,0,,0.0,0.0,0.0,0.0,0.0,two_area
FdhuaYcS8_I6FdzPkKTMew,Z_WZq3uFGqvtjsFl6kNBQA,0,,0.0,0.0,0.0,0.0,0.0,sparse
Fql77crTCq3pbi7V2TJ9LQ,yKAOohng_AJl22LgjBPl1g,0,,0.0,0.0,0.0,0.0,0.0,sparse
FucouhMnBxEPEQKbmbYcmA,W7NxQw8UYFR0HLPrI08tvw,0,,0.0,0.0,0.0,0.0,0.0,two_area
G30-7WCwpxR6N00W_eOX2A,-FasKNAqishyfjAarVgJtw,0,,0.0,0.0,0.0,0.0,0.0,sparse
G4ovPNki9yAobQThfAvoTA,pg8XTtztUXc-PxRYUVoAvw,0,,0.0,0.0,0.0,0.0,0.0,one_area
G67I2On7PW2bmE_UyfwVDw,PrVDvV4QcA-ymZv7pJR5YQ,0,,0.0,0.0,0.0,0.0,0.0,sparse
GCdOzuuc1MeGC5gzSHi4vA,M46J-dF8qXA-tgsKRnEuaQ,0,,0.0,0.0,0.0,0.0,0.0,two_area
GG7Xg-09i2RCSily3JYHtQ,315NxMEwvz085WAQ1R-D3g,0,,0.0,0.0,0.0,0.0,0.0,sparse
GSoAWg_SyBXMn5eELtupWw,pXRrRf8fDv6yU3xp1E25hA,0,,0.0,0.0,0.0,0.0,0.0,sparse
GSpUCEHmBQwTd9vhEge_Bg,FYw5uf26ry8-MuPKD10z0Q,0,,0.0,0.0,0.0,0.0,0.0,two_area
GVLEgFHGNvAZnuduu25jlQ,NB5XTBuLVCn7c9Lu5SUqKg,1,40.0,0.0,0.0,0.025,0.0,0.0,one_area
GX8AfUVxkx7aqFg6yoivKw,5DPr9gtRh8ePwf9tOV6bqg,0,,0.0,0.0,0.0,0.0,0.0,explorer
GXY930qYEG_hzGGtv7fBtw,jbJTF1zVmZsk4hea8hoeVA,1,2.0,1.0,1.0,0.5,0.6309297535714575,0.6309297535714575,explorer
GfHvhQG046-MkpPQ02-eIQ,eFXXx43yxvDJ0E9Jg-QP2g,0,,0.0,0.0,0.0,0.0,0.0,sparse
GfWBVsi2Yk6NUR6a-gSWvw,s21EGSlDN__XtbmQ0p_stQ,0,,0.0,0.0,0.0,0.0,0.0,sparse
Gj3v5FgAhYtFh2qmcB-w5g,kouFQZiu6lK59nxRLP6LsA,0,,0.0,0.0,0.0,0.0,0.0,one_area
Gl-xjDw1Y_BgtuXWwI5P8w,BWh8oUADBbFTefhBZg5trw,0,,0.0,0.0,0.0,0.0,0.0,explorer
GtdVcWtrKnrlWi35MqYKgA,_GWFsg1dl--bf7SnnCH4zg,0,,0.0,0.0,0.0,0.0,0.0,one_area
GuGxHX6dTjBlem0Gq8mz9g,pNIXTOP7tQm029PakX7LyQ,0,,0.0,0.0,0.0,0.0,0.0,sparse
GxMPUSDqI0T6BxSsmplxNQ,KcyoJ_4y_0CG06RY8hY_9Q,0,,0.0,0.0,0.0,0.0,0.0,two_area
Gxa4qz0f_m7b6nRKbqNGkw,LaEnUeazBtFdu8_IJlH97w,0,,0.0,0.0,0.0,0.0,0.0,sparse
Gza5FyPBK631DujKWMkdnA,5DDdiTlpK6Z2fqFs4uSTQQ,1,38.0,0.0,0.0,0.02631578947368421,0.0,0.0,explorer
GzzX7EpmTGqik_UThrt8ug,kmlX0JG-6gVTjsMUnmY18Q,0,,0.0,0.0,0.0,0.0,0.0,sparse
H0N7D8PvP2_9uFrimAgZeg,kXmscD-bp90t4QAh0H7Dig,0,,0.0,0.0,0.0,0.0,0.0,explorer
H0NdZhG5kivhXmLPRph3mw,G0Fhi9lh1sSZSSPuXpe6Ug,0,,0.0,0.0,0.0,0.0,0.0,two_area
H0Om3LVYKDnLahkix7AlsA,4cPMTfzcUHCZ8cfIn_yowQ,0,,0.0,0.0,0.0,0.0,0.0,one_area
H2WhI7u2Zc-ozPnKBvhWwQ,0nR7jHCkFEzmA1n2b5g1nw,0,,0.0,0.0,0.0,0.0,0.0,explorer
HDuJS7S8TMVmRRlVnTMgUQ,Ql5icyL9DGN9qn1-tUaN-g,0,,0.0,0.0,0.0,0.0,0.0,explorer
HG4VCWcap2tn38zIQn0dkg,LdECsE8lJS7v5GTFTcjPSg,0,,0.0,0.0,0.0,0.0,0.0,sparse
HKOuVBpoZd0JrNkMkad2eA,HwKD7ow1Oa08uS-fz3B50w,1,64.0,0.0,0.0,0.015625,0.0,0.0,explorer
HL9WXhizVfzWAE4QgQefxQ,eOuSlKYKSTDdDVPYQ6sSsA,0,,0.0,0.0,0.0,0.0,0.0,one_area
HNCyXmHdbQxi7TM74lDrew,bqLtBdYhS-Rw1QNEHCiQZw,0,,0.0,0.0,0.0,0.0,0.0,explorer
HNwwKpPUiFf8EUnYrP0xsQ,xWfm4AwLZr-B97fYVsIgCA,0,,0.0,0.0,0.0,0.0,0.0,one_area
HTLso7W2jX_fTZ7NCXJGtg,ejGvT928AVjXPb84T8hmXQ,0,,0.0,0.0,0.0,0.0,0.0,one_area
HTUwFyHbZBDMatDiL5U-aA,ctHjyadbDQAtUFfkcAFEHw,1,35.0,0.0,0.0,0.02857142857142857,0.0,0.0,sparse
HddLem81GiQ_fPzmcsnuzw,RRceLIdZvyM08-XO4JTIQQ,0,,0.0,0.0,0.0,0.0,0.0,one_area
Hg6pKZxw-8qLx1P2iZDbag,sg4zySgp0Al1WNk-JhTbHQ,0,,0.0,0.0,0.0,0.0,0.0,sparse
Hlqe5XsJiPYIqGNze6k6Dg,RGXb-3iUuaORNWB_nt_RcQ,0,,0.0,0.0,0.0,0.0,0.0,sparse
HmwU-km4YiUW5YBnhC0VoQ,f8d5NwkN4F2-mpx4MMDf3g,0,,0.0,0.0,0.0,0.0,0.0,sparse
HoME-kohG7RQzq27cTiuRw,fEfGvg0vKsKel9nvUdBTMQ,0,,0.0,0.0,0.0,0.0,0.0,one_area
Hxfy4OYHYWsiaaPLtPj6EA,XhFw-aeohM6UKPgyBDLSnQ,0,,0.0,0.0,0.0,0.0,0.0,sparse
Hxv2Fsr24zBFiZNSYzp4fQ,N7TdIA1ASyihh-H24IxW1A,0,,0.0,0.0,0.0,0.0,0.0,sparse
HzaP4PIBnKGiEFzm8phbMg,yPSejq3_erxo9zdVYTBnZA,0,,0.0,0.0,0.0,0.0,0.0,sparse
I6x-ZBHeCNlMnmtfUVf5lg,JvsUKvVRoU_PhnMsPxVqww,1,17.0,0.0,1.0,0.058823529411764705,0.0,0.23981246656813146,one_area
IE6p3ue8g6_m2IAnbFcXrg,vtbAuFCR8ugUaajtF_wDEQ,0,,0.0,0.0,0.0,0.0,0.0,one_area
IEe0AtY0Yky3QEMQ_vg5mQ,BCxLbqymC1TXn2FE1BYc1A,0,,0.0,0.0,0.0,0.0,0.0,explorer
IFL0GJ24DyNn45S7-Ysl_w,3CGXa85uNgvp8Berx5AhQQ,0,,0.0,0.0,0.0,0.0,0.0,sparse
IFLZXkaBah5ZJ4wlNyhe_g,X9R0NTHRMEcXngpLmor4uw,1,33.0,0.0,0.0,0.030303030303030304,0.0,0.0,explorer
ILT17t7mrmpqiAMWvCxWYA,wXUg9bsJ9b4PS4pie8GVIA,0,,0.0,0.0,0.0,0.0,0.0,sparse
IO35yKD-4-HBiVdXg_7KXw,mS_B6-fEgGSpsPTYELgSYQ,0,,0.0,0.0,0.0,0.0,0.0,explorer
Iim2FjK234PripBpaZ9PZw,XkQadWW9bUR855KvPZBNUw,0,,0.0,0.0,0.0,0.0,0.0,sparse
IqpAQyHy_M5a7T-ZrP8HHQ,45XW28tWd2PZT8GiytW7Ng,0,,0.0,0.0,0.0,0.0,0.0,sparse
IrzBuAsvu7Nb0KSEVrH_Ww,3ovV2S7XEAOEk8hCdYKhOA,0,,0.0,0.0,0.0,0.0,0.0,sparse
IsElws9SPzDhIyaQxQZhmg,QP6GAA_I8wNkVyw7tlLy9g,0,,0.0,0.0,0.0,0.0,0.0,sparse
Iwkgm3izBQB1cMHrZZ4nsg,NdTNohm71hWJa5jPOaUGwQ,0,,0.0,0.0,0.0,0.0,0.0,explorer
IzXRjZkLb8sWmS-sYlXB8Q,p4M3JKUfalVIolRvC2vZEg,0,,0.0,0.0,0.0,0.0,0.0,one_area
J-SrJeEyrJ1lfE0o3Rcoqw,4hWPnJWr1pJYOcI0CGrzWg,0,,0.0,0.0,0.0,0.0,0.0,sparse
J-aKkyx5yKFdI1kp8N9GLw,kPK3_DVC3oANl9m2a02m_A,0,,0.0,0.0,0.0,0.0,0.0,sparse
J1L2FGH3jPIMe1QlixNzAA,qISf5ojuYbD9h71NumGUQA,0,,0.0,0.0,0.0,0.0,0.0,one_area
J2YBDnX01WxTwSWDy_W4bA,4MHUWIRaIPgheiD96UCtmw,0,,0.0,0.0,0.0,0.0,0.0,sparse
J9gOJk_90vuIzd-ZNUGgyw,10Ir9qoqfw4BVP6nukA_KA,0,,0.0,0.0,0.0,0.0,0.0,explorer
JDN3_QITw8jPX3mAk78Y1g,quk6TFDQyuQ4g0KuIb9qUA,0,,0.0,0.0,0.0,0.0,0.0,sparse
JKDamUXVPAgIV2Hhb97ncw,iA0csH3u6Ug1x1Pt0-El-A,0,,0.0,0.0,0.0,0.0,0.0,sparse
JMjLWYbP-d9tlYAkLz1Ogw,mbLGSd7RYD2CDmBgpbHfTQ,0,,0.0,0.0,0.0,0.0,0.0,explorer
JSpwp4pAp_Hu4xmPuNitBA,kQRB8RNwd7cEMcURTS-I7A,0,,0.0,0.0,0.0,0.0,0.0,two_area
JZArUtt9RXoI1qdao0fyog,JpKKLxLo_6RxvQXyjVXnvQ,0,,0.0,0.0,0.0,0.0,0.0,sparse
J_nkt4pAa1Jo2jGu2rc4Yg,fuiVa2_MABIQS7pINKcoLw,0,,0.0,0.0,0.0,0.0,0.0,sparse
JapJQZIsWLn8MpsHOH6J-w,H4i4oZSHwt9Y6-EUFhVKbg,0,,0.0,0.0,0.0,0.0,0.0,explorer
Jb7H9zg3ABs83fpn0ya1ww,2QD1Lv4bKTqOhijz07xTeA,0,,0.0,0.0,0.0,0.0,0.0,sparse
JlEIf9QGIAFwUDCfhH4DrQ,yeZfgAw4LvWnri7ecPkiYA,0,,0.0,0.0,0.0,0.0,0.0,sparse
JnQdLbWRhAsrw_3Hoo3vsA,qGtPd-sk178XvrN38D3kzQ,0,,0.0,0.0,0.0,0.0,0.0,sparse
JqigRMvhsH5r7y94CjGdQA,EtKSTHV5Qx_Q7Aur9o4kQQ,0,,0.0,0.0,0.0,0.0,0.0,explorer
JtXALTXw0CxoRLNw_GFvuA,l_mx_q740TLKBPCMa_mtJw,0,,0.0,0.0,0.0,0.0,0.0,sparse
K0zrsXqu55JPwT4dnvNUDg,RvIlsB_kQBqCkTjdmIMDUw,0,,0.0,0.0,0.0,0.0,0.0,explorer
K1SrG5chblLSO0RXgNcutg,eI_NgkTWhwGLDjY1lzgFjw,0,,0.0,0.0,0.0,0.0,0.0,explorer
K9lyKtYQVeCB0Usg2v65Bw,I2CxrvM0BGH1svfxqGGD2g,0,,0.0,0.0,0.0,0.0,0.0,one_area
KAozHo6DpWCn0Mz6nvJLoQ,Wr2k0Vz8RbcumYulp-jIrA,0,,0.0,0.0,0.0,0.0,0.0,one_area
KHT5v6d_T4xqd4cWksLk0g,VYTFqb1NVLleeStQaUEP0Q,0,,0.0,0.0,0.0,0.0,0.0,one_area
KQ-gI-xsZzq5xeHYev6eYg,434A83c2ig6QxsZjrjclpQ,0,,0.0,0.0,0.0,0.0,0.0,sparse
KQDC9pwnAeFFGPLXrsQbcw,waWvlZPOgPkfSTsnCju4aA,0,,0.0,0.0,0.0,0.0,0.0,sparse
KQzqAdf1zLHwaPaCoWoOCw,G5sMILBHK-4Qh9gam6GcAg,0,,0.0,0.0,0.0,0.0,0.0,two_area
KZyMZ0ig-bMPmg7Jp_ueMQ,2bXm0SynOfxDzfrdrCyXqg,0,,0.0,0.0,0.0,0.0,0.0,sparse
Kc-kC8eu_U8mH87cOYvqbQ,qXgGJZdNlrBGtzKdewYmpA,0,,0.0,0.0,0.0,0.0,0.0,two_area
KcblS8ypoV5mFhtyJubmaA,9zlIJ7Q5W4AENjpGgaNSsQ,0,,0.0,0.0,0.0,0.0,0.0,one_area
KdvfzXO6wid3L4wxxzJYxA,x8QdlXd1lqIXfLDM4mZqiQ,0,,0.0,0.0,0.0,0.0,0.0,sparse
Ko_PDCCLckuEy8veApoipw,IEF4wm9hlu5uT4jfKCgWmw,0,,0.0,0.0,0.0,0.0,0.0,explorer
KrZ581CKVJ-8Mvw37ycBkA,FkHqCM6HWZTb1D5surTHYg,0,,0.0,0.0,0.0,0.0,0.0,explorer
KvTo3KNWtMwVCQzVYyyuZw,P_x9fEz8efemqOIV46S0tg,0,,0.0,0.0,0.0,0.0,0.0,explorer
Kwj7GH9JRgy1Iasad3Ou2w,1_BVWDzi5cVqWxNe9bOMMQ,0,,0.0,0.0,0.0,0.0,0.0,sparse
Kx4RtLVvwFuH2F4hWKB0ig,U2hkeMI-q4cS35QolJYN0A,1,8.0,1.0,1.0,0.125,0.31546487678572877,0.31546487678572877,explorer
Kx7JvWXJUGccCsVKaVX6GA,gC8i-lxwvGhVpOXM5eYdtA,0,,0.0,0.0,0.0,0.0,0.0,sparse
L-EQnRqs4eg4JKOY7rcLmw,oC91lprbbfzw7DOYiYln7Q,0,,0.0,0.0,0.0,0.0,0.0,explorer
L-Zrhj84j7Qiwn554FQKig,K3RURR9lIEE4JjOaPt99zg,1,23.0,0.0,0.0,0.043478260869565216,0.0,0.0,one_area
L3Wo48xFZC_5H7SC4sdUSg,0YqAViD6NPW4J6gpbCVAFQ,0,,0.0,0.0,0.0,0.0,0.0,sparse
L4uWWU4ArkzZy1D3dpSAxw,7j-TfyfmfJk5QKfxRtTbqw,0,,0.0,0.0,0.0,0.0,0.0,one_area
LBbUoV173-OcUPLVP-7ScA,dYYkzkiAQoOtRjdR0kcspw,0,,0.0,0.0,0.0,0.0,0.0,explorer
LCHhwItAT7hCYn1hD33psA,ZyDCgfTgmfS8R0yjdV1cjg,0,,0.0,0.0,0.0,0.0,0.0,sparse
LClO6WFsYAJgq-3N0291_w,nfKBOWF9qE6eb3zmgJeCSA,1,18.0,0.0,1.0,0.05555555555555555,0.0,0.23540891336663824,explorer
LCn7uMKbEyRASeDtGsGoZA,M0r9lUn2gLFYgIwIfG8-bQ,0,,0.0,0.0,0.0,0.0,0.0,sparse
LF1kmwJjLNVpDNUik5eMPw,4SEg-Ug9_UJRKsIhIEqDfQ,0,,0.0,0.0,0.0,0.0,0.0,explorer
LPkh_eURB6fOA1w7GSf1qA,9ugpNKKhnYRa51qXoxUw_A,1,94.0,0.0,0.0,0.010638297872340425,0.0,0.0,explorer
LQ-FEkzw4P2OwEM23PLbkw,LgaPsosgAnyNst8X--xnIA,0,,0.0,0.0,0.0,0.0,0.0,explorer
LRx0RViGEAFX2UVJ5bNBRg,QHWYlmVbLC3K6eglWoHVvA,0,,0.0,0.0,0.0,0.0,0.0,two_area
LTCbBgxF1FvURWxA7YPEKQ,vs0oc4GRG0bUwpTdJ_tjlw,0,,0.0,0.0,0.0,0.0,0.0,sparse
LTMNEpVIJkEfM8ma0DEYyg,F9D2mQ4u-D5i0EWrcI01DQ,0,,0.0,0.0,0.0,0.0,0.0,one_area
LZkoK_bTORaMxRLbdk9T-A,Trbe4JX-oLHrrVVPcv0wog,1,34.0,0.0,0.0,0.029411764705882353,0.0,0.0,one_area
Le3fvEovMVaISZGgsy9FWQ,KS7dLySzzZNC8q1Y_WIo8A,0,,0.0,0.0,0.0,0.0,0.0,sparse
LfpXEdALEix6D0UsBCKu5w,Ff7CVmNORVLNsV3L-lrkvw,0,,0.0,0.0,0.0,0.0,0.0,sparse
LoyOOeJHQqzezHAdJqmYHw,vj6AetpADpHOYtMRZsXX3g,0,,0.0,0.0,0.0,0.0,0.0,explorer
Lq-_mYovl3KuiL6RPdoYew,xTNtyQsPdunuGAIcn69J8Q,0,,0.0,0.0,0.0,0.0,0.0,sparse
Lr0ThGKRi6BxWCiry3Y4sw,YBj8AbolGKBzoHUcHEeAUg,0,,0.0,0.0,0.0,0.0,0.0,one_area
M1q69ybXnpT4OohBz6FWnQ,sojdFExw0HlPCcgM_G1n9w,0,,0.0,0.0,0.0,0.0,0.0,one_area
M32nKcq8Cppin27W7-iFMQ,OshZe8R4Zhcy-TsjK5vJdg,0,,0.0,0.0,0.0,0.0,0.0,one_area
M5I4rNHn3VZb9hkamuEx2g,t_M0P9WZChATql3PCemHHg,1,10.0,1.0,1.0,0.1,0.2890648263178879,0.2890648263178879,two_area
MMb3EZjiQGuWaeH0lcpjdA,-pR5HJvIylQU1YqAf4nQcA,0,,0.0,0.0,0.0,0.0,0.0,explorer
MN6vTCeRKWU44M7xwhQc7w,byDF67_RYSmIOuQlwAD5KA,0,,0.0,0.0,0.0,0.0,0.0,explorer
MPvjps91dA-EfjsfZ570Ww,i2ofWDYFEd9-ZzpNcyZtGQ,0,,0.0,0.0,0.0,0.0,0.0,explorer
MTUXmF6TMB2oyOUH9dCaAg,QBAzeuugYrhnEokFhPHlIA,1,8.0,1.0,1.0,0.125,0.31546487678572877,0.31546487678572877,explorer
MVIQUlFaFUSjK2pG_qJsow,TsFvh1wcK6Y3SIVXkVZ7rw,1,16.0,0.0,1.0,0.0625,0.0,0.24465054211822604,explorer
MVuNw-mO5on8PpO_I6QtKg,7-d-zyz1dCqPb2K5l3Kg5g,0,,0.0,0.0,0.0,0.0,0.0,one_area
MkAOXZub6t1XCqSsB1VTcA,LwX2vbzttWYAdoBoVtfvRg,0,,0.0,0.0,0.0,0.0,0.0,one_area
Mor3UEvzDL9l2Ga1aoqnOA,jSYu2apG1uYq3eNzSA-OHw,0,,0.0,0.0,0.0,0.0,0.0,sparse
MrvvXXhtbcgZfCxHvQ4VIQ,CYMUz5KDEGI3Faqaz0skBw,0,,0.0,0.0,0.0,0.0,0.0,one_area
Mtauh5PuE5yrnt4nE_khDw,AWCsTh98ztvuk6pusoyvow,0,,0.0,0.0,0.0,0.0,0.0,sparse
MvrGDIrZv8pL_NYWrb9fLw,AYKHW6Ff1ejhjWmyO5O6MA,0,,0.0,0.0,0.0,0.0,0.0,one_area
N0un75Nz_OGmhcROiuj8VA,i_FWONQD1ZBqrNE2b-M5Ug,0,,0.0,0.0,0.0,0.0,0.0,explorer
N84Tst_bWC2hNdET8cPWjQ,vC2qm1y3Au5czBtbhc-DNw,1,1.0,1.0,1.0,1.0,1.0,1.0,one_area
NANbMviczSYba8azpvvdAw,9YyeoqIBSEL_uikPBTZZUQ,0,,0.0,0.0,0.0,0.0,0.0,one_area
NAxQKtWufuvSUmufzmIkGA,DiHcWtzRgrAuOMEbAMwNag,0,,0.0,0.0,0.0,0.0,0.0,sparse
NB1_0JLlb93trABkcAYStw,YKzXvWOEZPA2eqvx3dVaAA,0,,0.0,0.0,0.0,0.0,0.0,sparse
NBhBECdmKXspNMQXrowLxg,IZJacI6XEUxy3_wbW76Qfw,0,,0.0,0.0,0.0,0.0,0.0,one_area
NK2rEuA_ZJ6Jw94hPmNkLw,QyMoP9r9KTht-r54EL2elQ,0,,0.0,0.0,0.0,0.0,0.0,two_area
NKlEwUMCB0lDSeRNUA4y9w,6kPHr6gZaU9732ptn9gJrA,0,,0.0,0.0,0.0,0.0,0.0,one_area
NMFSiVf5TO8tQWBQ6Pcucg,teFjQxUqT8c-yxQdoILDVQ,0,,0.0,0.0,0.0,0.0,0.0,explorer
NPX7b6i958CuSFCLNGe5sw,iI090K0JMViyPPh7Viovrg,0,,0.0,0.0,0.0,0.0,0.0,one_area
NSHXU2EMIRsjGGuvncpQfQ,KFCxKvsEoJvTMY1J7Nno2Q,0,,0.0,0.0,0.0,0.0,0.0,sparse
NXX09vJ7rLPv0JJoPj0_dA,pD12ile5lTEbFZkEhQERcw,0,,0.0,0.0,0.0,0.0,0.0,sparse
NcRKRxXC3_SrAD-3LOeS3A,qb28j-FNX1_6xm7u372TZA,0,,0.0,0.0,0.0,0.0,0.0,sparse
NhYTylbNBrs3OY8ffUdVgw,NiljjvbIIzQPxIPqeLLg2Q,0,,0.0,0.0,0.0,0.0,0.0,explorer
NijHURoR_k62Axkmz68TCA,7heMez8hcojRAmqJJCIbBg,0,,0.0,0.0,0.0,0.0,0.0,sparse
NpOGkN24JbhtGEB3IKHYuA,zZ01WQlcpI1_n806WKV3bA,0,,0.0,0.0,0.0,0.0,0.0,sparse
O0vNIBTJ6dHx8mCKYHwOXw,eKiGCVA8bcj6sw3ODW1HHA,0,,0.0,0.0,0.0,0.0,0.0,explorer
O3LHhLM3N42vEvnOBtYQpA,8s2H6Vp9Z8ljjuyGADsBSA,0,,0.0,0.0,0.0,0.0,0.0,two_area
O6q1nMhqcFArX8A18vnrYQ,3iUCCf1FWmjlFbGYvBgf9w,0,,0.0,0.0,0.0,0.0,0.0,sparse
O6sUHcC7svPkZWCIO6PuZA,kvv4hZ8EUe_sGwcsl-mLQw,0,,0.0,0.0,0.0,0.0,0.0,sparse
O9QKjmjKObBE7JJoGVYgEA,x-u3I8BseQF5hyOpd_tTSw,0,,0.0,0.0,0.0,0.0,0.0,sparse
OH3ptxBiopNJIrgGVyQshw,1ZRGRUd3y5a8vrgUyzMcnQ,0,,0.0,0.0,0.0,0.0,0.0,explorer
OIyC6P3M5XGEVzU5YOdw6g,8xAa50YbwlE53F652Ru_Nw,0,,0.0,0.0,0.0,0.0,0.0,sparse
OJsr0UFngBwO5E8z5qP6xQ,ab8i075-Tjju3WvcsXTp0g,0,,0.0,0.0,0.0,0.0,0.0,sparse
OKXT_S_s8w7FgqCcMXYUUg,Ea4G-2lAbodTM7FBaSO-tQ,0,,0.0,0.0,0.0,0.0,0.0,one_area
OPN1uIBQUCze9Ul7u0raaA,OZcl2HOUXAHuICrh5d2WjQ,0,,0.0,0.0,0.0,0.0,0.0,sparse
OPyem1unqqtM8snKniLwRg,GUMVStVaJfWmCIpQA4TtHg,0,,0.0,0.0,0.0,0.0,0.0,one_area
OTKA9bofY3zFh-saPz1RFQ,NLRB3wjq_tY7WGL8HpPErw,0,,0.0,0.0,0.0,0.0,0.0,sparse
OXruA-p85uhlvgTLKNz5Mg,9b1MIHEAGz86HInI5IiRJQ,0,,0.0,0.0,0.0,0.0,0.0,one_area
OYp6gA8pGIhNerSp0LSjFA,ntiIq1FNqduOyyowMFGh5A,1,64.0,0.0,0.0,0.015625,0.0,0.0,sparse
O_LxHzpMtaxnzNs5hNOxxQ,vQ5Qa6kvlXiUHT60G0RduA,1,99.0,0.0,0.0,0.010101010101010102,0.0,0.0,explorer
Oc1w0KTgCV9z4jgpekLTjA,uoGXNG_UMt85e7NnZrQsLA,0,,0.0,0.0,0.0,0.0,0.0,explorer
OgaxsymED9T23aZobMNOoA,gipaod1BFC1EZ4f35CLO_g,0,,0.0,0.0,0.0,0.0,0.0,explorer
Ojll9cQN4WmDUBic0MRlSA,H26zRyQkXXYzUZUOtppFcA,0,,0.0,0.0,0.0,0.0,0.0,sparse
OmEpzRfwZAgCS0AlDcj9Ag,Da0I10TsYKJVGG0r2DHQvA,0,,0.0,0.0,0.0,0.0,0.0,explorer
Onvtmw9RTdf8zHHzjudbMQ,7FAu3RT5V4baRyePoG-_xw,0,,0.0,0.0,0.0,0.0,0.0,sparse
OrmB5Onk2RaYyiGZmwliMQ,REiAM73RkOxFqCVlEFiRWA,0,,0.0,0.0,0.0,0.0,0.0,one_area
OxC6feaRNTKgSirkvnP0wA,rViAhfKLKmwbhTKROM9m0w,0,,0.0,0.0,0.0,0.0,0.0,sparse
OxfnFHyedpprZLVMOSEATw,OSZBQXRzoW2qNkKzUWRuug,0,,0.0,0.0,0.0,0.0,0.0,one_area
P-1_Yb-Pafw0xvktDNvg-w,Te5RzXrZ20zekpFzyj1d4w,0,,0.0,0.0,0.0,0.0,0.0,explorer
P6-z2QNjXo_tRnzMfuf3RQ,ykrD-GI7pQpU_rHlHnEeag,0,,0.0,0.0,0.0,0.0,0.0,sparse
P6UWg3oHfw9QHTSSuGkgVg,VgPDZyDLIWe4NVetnvjqig,0,,0.0,0.0,0.0,0.0,0.0,two_area
P8130kY1Cz6TFOsKJFUdUA,kQDsmkRsLIiEEY2douOZWg,1,12.0,0.0,1.0,0.08333333333333333,0.0,0.27023815442731974,explorer
PJl-5EnQk_aFMlyYh3OrJg,wQUBiBqlzC6cbdkX-GaBqQ,0,,0.0,0.0,0.0,0.0,0.0,sparse
PgiLP11qaxxYexNloIzXOg,zwXT4m9svdg-xh2cKjEp-Q,0,,0.0,0.0,0.0,0.0,0.0,one_area
Po-IIg0JO24jfgou7bDqrg,Fm16G-I-rmO3g_KTKleteQ,1,51.0,0.0,0.0,0.0196078431372549,0.0,0.0,two_area
PqfOVKJOLw1moW2NPSoEjQ,zILVkn_Gm9xASg63jWKMHw,0,,0.0,0.0,0.0,0.0,0.0,sparse
PuNLBic4RPf9Ga03gbpaUg,1FYdMkv1bc-sKUrjalyKxQ,0,,0.0,0.0,0.0,0.0,0.0,sparse
Q3UOMxfsAH3U030tR0lH0A,ro2wRFW6g0D0x93ZpqubEw,0,,0.0,0.0,0.0,0.0,0.0,sparse
Q4EiT1fYeDRea9l_ey9giQ,s2JiYzE7i68cXIV6YEcVTw,0,,0.0,0.0,0.0,0.0,0.0,sparse
QCK3OENFoDpvadeX3RAhKw,gBGD0dNvfLlQOAaZzCU1NQ,0,,0.0,0.0,0.0,0.0,0.0,one_area
QGeKRz0pBV6uBmF7_VlBjw,HTbEVB4v6XEOIX0nM_v54w,0,,0.0,0.0,0.0,0.0,0.0,sparse
QIi4SwtiSxeDSwwwDoEPBg,XV-jiJ6yb0LXlh4EyEWbqQ,0,,0.0,0.0,0.0,0.0,0.0,sparse
QJjMgW93bnPnxGnVRSFR6w,cOGU70XAVSMlhkPtoIpURA,0,,0.0,0.0,0.0,0.0,0.0,one_area
QMqSgBqSrlRhz2B0UiORjw,VVH6k9-ycttH3TV_lk5WfQ,1,32.0,0.0,0.0,0.03125,0.0,0.0,sparse
Q_SR2NwCPDnu-phYkrSX8g,j-qtdD55OLfSqfsWuQTDJg,1,7.0,1.0,1.0,0.14285714285714285,0.3333333333333333,0.3333333333333333,one_area
QaCDjkA8Is_dB4DBVef6cw,OepQkEQsRK-BskcURaRvbg,0,,0.0,0.0,0.0,0.0,0.0,sparse
QcqHBeyqtxf4nMSo-CVXRA,JIo1b0tAwoMQxbjvBXc_zw,1,24.0,0.0,0.0,0.041666666666666664,0.0,0.0,two_area
QfFIPbAYkrMD0SPMTNP4cQ,y-xjXsms6mKoVB3Svv7-SQ,0,,0.0,0.0,0.0,0.0,0.0,explorer
QjweSj3PwAB5zv7ushn_Ew,si1CXN9iRoJvoKhO1LZSTQ,0,,0.0,0.0,0.0,0.0,0.0,sparse
QmlFDYt9aRKYuf7mRhvkeA,x4o0RXGhFhGRs5oE74q83A,0,,0.0,0.0,0.0,0.0,0.0,sparse
QpdYmCSg7vLM6qa6HFjhwA,HJhy636kx3WPwRsxkQ2Q4A,0,,0.0,0.0,0.0,0.0,0.0,one_area
QrmUrUy1mNjgvFMOf_AjLA,pdLlJu-oOdy4gW_6rwuEQQ,0,,0.0,0.0,0.0,0.0,0.0,sparse
R20sQxFytgr_raM5DsoAJw,-TjT3y-Glfnbt6LbKETAYg,0,,0.0,0.0,0.0,0.0,0.0,sparse
R6o8tV3jQ2hMXYD5u-Zkgw,XIKYdKWq72zUYsq8NBxcCQ,0,,0.0,0.0,0.0,0.0,0.0,sparse
RCRxj6dn-cMNwDhpGQMYqA,Um8eHrByq8yiBJPgeik9Xg,0,,0.0,0.0,0.0,0.0,0.0,two_area
RJXpxfwCAJy6nGsmGXghVw,4J06--ty2Ydj1---IsArLw,0,,0.0,0.0,0.0,0.0,0.0,sparse
RRtMl0kS2ntfoxcQPJcmZA,IxX6YczoeBpdt78AzDS4GQ,0,,0.0,0.0,0.0,0.0,0.0,two_area
Rcrg_WMhz6KUu-uDhEt38g,j99PtxlKTW_u5alE4jiqHQ,0,,0.0,0.0,0.0,0.0,0.0,one_area
Rd7qzRa_I_-JIQq5IHIk_Q,pefdBgay60yn4Wtih7t9lA,0,,0.0,0.0,0.0,0.0,0.0,sparse
ReLV-lo7M3nVg0deB86fCw,RgAUDZXDJYwz7BI6u9aP5w,0,,0.0,0.0,0.0,0.0,0.0,sparse
RlG8zsrWfYNaMzmT9ILCiA,dN7AMKUhwTa4Kk0bdMRPgA,0,,0.0,0.0,0.0,0.0,0.0,sparse
RmaAM3og4CzTy1W70ET1_A,ypXuDmnnPxnfP8a0qLsiEg,0,,0.0,0.0,0.0,0.0,0.0,one_area
RqP6tzpJpAcuMgs7sL5pGQ,7iL_h9OsbW0T7MiiLbrbAA,0,,0.0,0.0,0.0,0.0,0.0,sparse
S9EaFrAcuZGrvUo_Rx24Wg,PA6yX2D4ZyqQCE4Xa6I_fg,0,,0.0,0.0,0.0,0.0,0.0,sparse
SEKTawcFfaIKntviucbhHQ,gciMEyy9sIcwSMREEvNiXA,0,,0.0,0.0,0.0,0.0,0.0,one_area
SGUGJxqdiaDTh87NQal5FA,U_xXDEstWkdhmQR8IWHVCw,0,,0.0,0.0,0.0,0.0,0.0,sparse
SH5UIXzyJMW5Vsyb6n5Cpg,QboMIy08NLnBbLXEsmnDHg,0,,0.0,0.0,0.0,0.0,0.0,sparse
SJp3ur20tMsvGVitMxiaww,BwRt9CtA4JituH5Z4a7-lg,0,,0.0,0.0,0.0,0.0,0.0,explorer
SKgz4N68nhmsbYepfrQgFg,x4K6aMaOYvGhC5jhFJP2Ag,0,,0.0,0.0,0.0,0.0,0.0,sparse
SNkrO9hhvaNOtgVM4DiiJg,ytynqOUb3hjKeJfRj5Tshw,1,1.0,1.0,1.0,1.0,1.0,1.0,sparse
SPa6Q4dGuyOykxs42BebYA,PxWbAW5DjzFpcyRc8rb2tA,0,,0.0,0.0,0.0,0.0,0.0,sparse
SpRfD1bdOfffOSKreIeIUg,NTiPDvC99_yK0RY9ltnLgQ,0,,0.0,0.0,0.0,0.0,0.0,sparse
Sz5uYgcxbHHOEtwNiM6BaA,HHD86HwgGB8oHlc04VT1VQ,0,,0.0,0.0,0.0,0.0,0.0,explorer
SzKcR8CCmPJDWcNEPEfTFQ,nFDvzfl84x1y3NMBcjqdbQ,0,,0.0,0.0,0.0,0.0,0.0,one_area
T0d7oBLMJ6hFnzHTkOoQhw,yS1U3Pi4wsnceYepAndD1w,0,,0.0,0.0,0.0,0.0,0.0,sparse
T1uLCD6iuQbEFT23rxU1Dg,KPPyh-vQI3IbbQJUcegBjg,0,,0.0,0.0,0.0,0.0,0.0,one_area
T4RRbPH6J3SX9QA85U7JTw,4xupjIXMB2E5th2YkThFcw,0,,0.0,0.0,0.0,0.0,0.0,explorer
T6ej7K8uGglcBzJ68yZX1A,sTfVZ9xo36tU8R5DnaCGkg,0,,0.0,0.0,0.0,0.0,0.0,explorer
TAahkgGJ4qU936PbNxH6Jw,ixyBg8U2-j9pQ_iuo2DakA,0,,0.0,0.0,0.0,0.0,0.0,sparse
TBRQIFGGWjR7Z5Ki5_PfxQ,gKavBVCK5G0cPJ9moV6iOA,0,,0.0,0.0,0.0,0.0,0.0,explorer
TDVv8uxxgfhxF9Ix9eSPoQ,jmXrmPfM_X0dm-9OU8pUKg,0,,0.0,0.0,0.0,0.0,0.0,sparse
TGmY3adNfCfZCLKP62Ll2A,GLjcKDtpbn75HXOguB4bHg,0,,0.0,0.0,0.0,0.0,0.0,sparse
TJlF_yn7HU4Wm8SXKVCRrQ,uuONmQ_R345NlJp_oM7jaA,0,,0.0,0.0,0.0,0.0,0.0,sparse
TPJozTJbA67odTmQYrjc8A,l-rGtJt0E7PAklT0IK7oFQ,0,,0.0,0.0,0.0,0.0,0.0,sparse
TQwq95VbVCBeHHQW6vOIlw,ve_-rPlEGPClytyJtY55Vw,0,,0.0,0.0,0.0,0.0,0.0,one_area
TRGa7RzYQHlw3UVcypt4dw,HZK3L-GsIoeZ35nPGd36Sw,0,,0.0,0.0,0.0,0.0,0.0,sparse
TRj5lPr-RwvATCIc6Uf59w,tiCdi3sz6PlKc6MOPEWo7w,0,,0.0,0.0,0.0,0.0,0.0,sparse
TZFn736XYq4qYPXTFeGwzg,BsZHeZqCirB_9xS_7kZlvw,0,,0.0,0.0,0.0,0.0,0.0,explorer
Tj2ajZmAIajq4O4eNxtpnQ,sankqYOVWpYX_T5kGZRRKQ,0,,0.0,0.0,0.0,0.0,0.0,explorer
Tj4vyZDWtEfhaO-Wx2rk6g,AGlh4ZDv6jnoiYfz7At9mw,1,31.0,0.0,0.0,0.03225806451612903,0.0,0.0,sparse
Tl2x7NNY6_7XUjXJyDXt1w,QZTd5n-ZNL0Ux7KkH1_Jzw,0,,0.0,0.0,0.0,0.0,0.0,explorer
TpXu0yFnMMs-YiyBMEu27Q,EwEwG4vFa8TIeUGmNJSzKA,0,,0.0,0.0,0.0,0.0,0.0,sparse
TqukMwa4PXMv-3DUfPyJ5A,U158K3VPSN8ZFlJ1rlR4FA,0,,0.0,0.0,0.0,0.0,0.0,sparse
Tw7oL8tJT6MSul0TAo8gnw,a32M9H9nkkPGKTKB5W27NA,0,,0.0,0.0,0.0,0.0,0.0,one_area
TxlrbX7i7aJvRKZZgCRpew,LSUa7rauZg6UNErHfuBDKg,0,,0.0,0.0,0.0,0.0,0.0,one_area
U1E6Naex1491NzrGarCsXw,Kt7jsrE-KmcW30IS2aNpeA,0,,0.0,0.0,0.0,0.0,0.0,one_area
U27Dewt_TxEY-AQfnP3ePw,B-dVKci8McMfSjBC0z6adA,0,,0.0,0.0,0.0,0.0,0.0,sparse
U4LtJ7YljPEmCbM0HmeG6A,4uspKB1d3pGdgjOClA-UkQ,0,,0.0,0.0,0.0,0.0,0.0,sparse
U7W1khpgG2GOggewEoFaeQ,uH7EepS3kXC-63NI0DDbYw,0,,0.0,0.0,0.0,0.0,0.0,sparse
UAy3ZRQR9JzNN0kzMBWTQQ,R5YyD9JX5nNX4sE2WMSn3g,0,,0.0,0.0,0.0,0.0,0.0,one_area
UBLaSSnkK5xoOVsxLr7JZg,t9P1At2Cw8PO5NdjIZjrKA,1,43.0,0.0,0.0,0.023255813953488372,0.0,0.0,explorer
UFq51LFmhfEPn21CM9l_RQ,W4lBP3lqY4dURJJ1RnzLnQ,0,,0.0,0.0,0.0,0.0,0.0,one_area
UH4UvNqQp7G7NCwWEEQ2QA,b7V_5q22_eTeHlYzq1bpFw,0,,0.0,0.0,0.0,0.0,0.0,sparse
UKcIwlbLohvMmGiw4wqaqA,S26FJcC298XNpN2cZiwOrA,1,73.0,0.0,0.0,0.0136986301369863,0.0,0.0,sparse
ULtiUKtUi6BRMbOsiQberQ,FGXAeroIJtnpMPx3JQbiIA,0,,0.0,0.0,0.0,0.0,0.0,sparse
UOXCf4eCU8q6o1xGIzwOng,2TW0TCqrRxyolGb3S_uTiA,0,,0.0,0.0,0.0,0.0,0.0,explorer
UPjzEduW1QgY_Q5p7pjiPw,64rDIWaeayyumSWprWAdfA,0,,0.0,0.0,0.0,0.0,0.0,sparse
UVSxH2URPO7Sa9A51IZC8w,U7HYUH8SqZO6OQMNKCr5kQ,0,,0.0,0.0,0.0,0.0,0.0,one_area
UXJ4od989AHDeLjIk82vCA,-0TffRSXXIlBYVbb5AwfTg,0,,0.0,0.0,0.0,0.0,0.0,sparse
UdGCr8vOgt60nGGS-R7CUg,DorCmYVDR5wcCVvbCAvzEg,0,,0.0,0.0,0.0,0.0,0.0,sparse
Uo1IBYMpVRYJocg6H4HYxw,xiBnTS5DPVMlySrCpF59Ow,0,,0.0,0.0,0.0,0.0,0.0,one_area
Up-oM-OL17jDjn0GxtwH1Q,CPXc2AorgYR1uxPopLC79A,0,,0.0,0.0,0.0,0.0,0.0,explorer
Uq40T7gShlQLWBJb98evZg,25ylMszF0TtZES6P7m6fvA,0,,0.0,0.0,0.0,0.0,0.0,sparse
Uq819frXr3ucv8MjeJhzzw,BbnL_wJLB-EHvFx0dXuAjg,0,,0.0,0.0,0.0,0.0,0.0,sparse
UwbZEMOUfeobay8ycUfT2g,FazSucP2EYf7DxOwyfHLHA,0,,0.0,0.0,0.0,0.0,0.0,explorer
UyiT9-LLhcODDRZRaISqTA,MUTTqe8uqyMdBl186RmNeA,0,,0.0,0.0,0.0,0.0,0.0,sparse
V34LnyOBjRuDQBuYG1Duuw,edOq9mAFpg48tI9pwwWNUg,0,,0.0,0.0,0.0,0.0,0.0,two_area
V60nCZgAqt0ZfFVErQS7YA,6K3i3-hBaRgNAJi03mt1fA,0,,0.0,0.0,0.0,0.0,0.0,sparse
VB0jUPCo1FaAgIzrxayjpg,U_hgCCf3CZs1no_BYXU8zg,0,,0.0,0.0,0.0,0.0,0.0,sparse
VCoKjRd_Rk97dK7pbsmIEQ,zbSTmUUH27ef3ejK6h7mdQ,0,,0.0,0.0,0.0,0.0,0.0,sparse
VEmT4OO690n_t7QHDTB6jA,LVRRjPZZ2pRrOUbBN1rRCA,0,,0.0,0.0,0.0,0.0,0.0,sparse
VG7dOVRGeaGvJ7HISpfE9A,VNf2NwMjjcYVBWGGMigTtA,0,,0.0,0.0,0.0,0.0,0.0,explorer
VIBcpBsdrm8ZgkuE-o62hA,QGUj9Za0iG_OJz0CqujE_Q,0,,0.0,0.0,0.0,0.0,0.0,one_area
VOXxUUgygln1UgVFHAgixw,3WU1ZobAqXQ07xYoKE2Vyg,0,,0.0,0.0,0.0,0.0,0.0,one_area
VR1HCLP1bvg549xkNVN0UQ,vhGl4WDtyvSd1Ml0b_FaFA,0,,0.0,0.0,0.0,0.0,0.0,one_area
VRGj14iFH4dGPdgCrw1peQ,jXtaxB2b64nA4uy13i024A,0,,0.0,0.0,0.0,0.0,0.0,sparse
VRpN8qjg2_b0YPomK3_xTA,UbFkHiEt9S-0mUL3RQ5Ghg,0,,0.0,0.0,0.0,0.0,0.0,sparse
VUeZ75mvC8nf_J0wZoSGBw,a3hMPdQ2sBIyX32JH20uEQ,0,,0.0,0.0,0.0,0.0,0.0,sparse
VWMjrU0ll1FavCL9_fm8Cg,3ekiu6SPjwXvrizZymMqbg,0,,0.0,0.0,0.0,0.0,0.0,sparse
VWriVYd_m97I7KOCN-dEkA,c6zgxvHn5j816s9DDAFYjA,0,,0.0,0.0,0.0,0.0,0.0,sparse
VaJ23imjcYl1U35eyd6hbQ,n_fUROdhfmLwd_mpBi55ew,0,,0.0,0.0,0.0,0.0,0.0,sparse
Vt3dbCGAkDVY2kxKTdInzQ,XeLAOIv2Ky1wyzIjoTa3Mg,0,,0.0,0.0,0.0,0.0,0.0,sparse
VwIAajk9Z60-5TtONFYJuA,KB-lnnyWsusCPTQ0KhYoaQ,0,,0.0,0.0,0.0,0.0,0.0,sparse
W4eb0mdukxQgwvvn9IGkPA,-tdKOhrg4dB3xz1tEYujLw,0,,0.0,0.0,0.0,0.0,0.0,sparse
W4nc1emtvQ0BwbEQAF2nWA,A2q7d-CBM2-81tVkmS4JMw,0,,0.0,0.0,0.0,0.0,0.0,sparse
W6dlxy3ts4Lj5B_LFI4Q8g,SsN8fSPcf3ZnLKkhq-k5eA,0,,0.0,0.0,0.0,0.0,0.0,sparse
W70CaXqiK5kVpR-iWLvsyw,fy7kLejLjyVsbVycL6gqfQ,0,,0.0,0.0,0.0,0.0,0.0,two_area
W7GWFiub3HbMlMGXO3AKBA,3n2FIVhxAjG6fjju4wdzXw,0,,0.0,0.0,0.0,0.0,0.0,one_area
W81s2EdHHq4_CYDJNqhgRg,54X8EMNaeeMjleWUZENl6w,0,,0.0,0.0,0.0,0.0,0.0,one_area
WFp0CWCNjT5Fovzd7od3Pg,mzAFaxDgKEVhINViBlyWvA,0,,0.0,0.0,0.0,0.0,0.0,sparse
WGfG0iFN53alClblgY-0ww,yoQBK3OUDqWEFoUDE5lM4w,0,,0.0,0.0,0.0,0.0,0.0,explorer
WM5HlND9Olxyk2FvYkuAhQ,r2IhvKZQ_wLR5mLBnPOilg,0,,0.0,0.0,0.0,0.0,0.0,sparse
WMN_WooRW4oN8TaFhNpyWg,wQUBiBqlzC6cbdkX-GaBqQ,0,,0.0,0.0,0.0,0.0,0.0,one_area
WQjY0HaQOIAZi0hfDVcGWQ,Zi-F-YvyVOK0k5QD7lrLOg,1,40.0,0.0,0.0,0.025,0.0,0.0,one_area
WTVtNexN9unsSOacvpWNmw,-kfHz1kimX62QEceFkkB_g,1,25.0,0.0,0.0,0.04,0.0,0.0,one_area
WVCgjoYPl7jPhXjPcSR02Q,xjUtI0-k_d1-ZvBqXU9TYA,0,,0.0,0.0,0.0,0.0,0.0,explorer
WYMVjQZay3pPFJmg_iktGw,htV2TuwjPNnDXrH3hBMjgQ,1,16.0,0.0,1.0,0.0625,0.0,0.24465054211822604,one_area
WZvywUbFqvHQw1boj9OQmQ,dzeBiAu0VAaVBbMwcV9GFw,1,30.0,0.0,0.0,0.03333333333333333,0.0,0.0,two_area
WaJncDmkVxHAEHb-b-goTg,waV7CZw241FjHzOFKh2Juw,0,,0.0,0.0,0.0,0.0,0.0,sparse
Wc5I96A8pEUfP96CDbRc6A,jIBjZcqVOU4pOVT-sVQcfA,0,,0.0,0.0,0.0,0.0,0.0,sparse
WfywKHUOxQ6AVJa8Q-luvQ,n_Dd2ZreYlX8Xg1Vw47BXQ,0,,0.0,0.0,0.0,0.0,0.0,explorer
WgMCUvsxVGwDUsdJXcEPGw,KOfgkk4O91DV320HhonBEw,0,,0.0,0.0,0.0,0.0,0.0,sparse
WikldhFO-gxHRs9SRVfkqg,hegSLbN5wcSnHi8Oj9f9JQ,0,,0.0,0.0,0.0,0.0,0.0,sparse
WlxJHUYqdEKuIwpE9iTZxw,jStt26nV-CBWRGxjqCzxUw,0,,0.0,0.0,0.0,0.0,0.0,sparse
WqktipEEPMZAvsOIkUTZ4g,ujt4qrEMRKAoCOVzcJBbaw,0,,0.0,0.0,0.0,0.0,0.0,sparse
Wz--ow7P1W0r09_lfkN6XQ,R8t9g5nvi7VFyS8zsgmj8Q,0,,0.0,0.0,0.0,0.0,0.0,sparse
X61dbhql2YZhIoO3flmkRg,fyHt1_rluYwNCWeJGf6S5A,1,13.0,0.0,1.0,0.07692307692307693,0.0,0.26264953503719357,one_area
XAvi-b5kaioCxEcgzOW60w,XyYsl2OyoMi6OMvzsdcVoQ,0,,0.0,0.0,0.0,0.0,0.0,sparse
XBZvCj-WeQauibI3NCi2Dg,EjwY66v3wVP8F9ZBcJnIVQ,0,,0.0,0.0,0.0,0.0,0.0,sparse
XBcDvNBgGcc9sl4wvx6RCQ,0pnIIgi4sm96CllW0DhXug,0,,0.0,0.0,0.0,0.0,0.0,explorer
XGDWVXtB8p6rKhJEG0S_zg,JEzCDS9mTwTHUqdPiWScXw,0,,0.0,0.0,0.0,0.0,0.0,two_area
XGaU9uKju7jg0xG0Lr9qeg,PDTart2-ChFYdNjECtreQg,0,,0.0,0.0,0.0,0.0,0.0,two_area
XJfn5H6UwCsp-L6n7DXrAA,Xd8wTHTsd5uXdDJDXlxY5w,0,,0.0,0.0,0.0,0.0,0.0,sparse
XLRzqtCGycIESuA5xfbXdA,uZYBF0YTU_iKq4_L_PDtMQ,1,42.0,0.0,0.0,0.023809523809523808,0.0,0.0,explorer
XPr6OwITQhnsvH18p4FfsA,scotX4dcVT8Co0Nyy1pDYA,0,,0.0,0.0,0.0,0.0,0.0,sparse
XSfrNZIyAHKDb2ps1HS_8Q,doFAdWeE7sg3irTDVOeeOg,0,,0.0,0.0,0.0,0.0,0.0,explorer
XV5h-6e2PnQtowu5-i5KJA,-r6nmLB5Vi2TLQCxh0_dtw,0,,0.0,0.0,0.0,0.0,0.0,one_area
XedowXE1sPi4BYJmOLjt8g,bn4N0bxa-u-kBaKLwU893w,0,,0.0,0.0,0.0,0.0,0.0,explorer
Xn94AMfZrlX4Q7FvV6RrtQ,v3U7grHXFc-DC5RNnwcmjw,0,,0.0,0.0,0.0,0.0,0.0,sparse
XrBVIx_LVYa8P1AiOw8gRw,oBNrLz4EDhiscSlbOl8uAw,1,4.0,1.0,1.0,0.25,0.43067655807339306,0.43067655807339306,one_area
Xw8Pr6pCzuCX-UOLd3dp9A,Z2ETYcXzj1heNfadJMKO_Q,0,,0.0,0.0,0.0,0.0,0.0,sparse
XzYyKC84ccqgw0DccAgEsQ,KMGGcG4AX83-PQlW6hHvTA,0,,0.0,0.0,0.0,0.0,0.0,explorer
Y1MHichqrupj81MFtTA98Q,I8IPPZvEPdb_xG0nGIMyjA,0,,0.0,0.0,0.0,0.0,0.0,sparse
Y3HQHXVM6aDiDsbyN8U5eQ,FIweOxvfz1aSgXqs2X-pqw,1,92.0,0.0,0.0,0.010869565217391304,0.0,0.0,explorer
YBNpmwPM-CjNzoRdF3Ap4g,tP6tk-M8y09QKIoOO0JIbw,0,,0.0,0.0,0.0,0.0,0.0,explorer
YL5KFoUtGEdBA7x-C4zu7A,tUNa5f2KEauT6DM3hE8ndQ,0,,0.0,0.0,0.0,0.0,0.0,explorer
YPfS68Yx1yi7u1GpU5sR8g,XixKy4AoVb-sAljtEeKALw,0,,0.0,0.0,0.0,0.0,0.0,sparse
YlWXXEeVK0rsdNys17jvKw,bRlpi6k7wTSHHEapcLz_KA,0,,0.0,0.0,0.0,0.0,0.0,two_area
YlxeTuWCoZfrefhy0Ucyhg,6Ty-KKWq6hLZYW8DWEHYvg,0,,0.0,0.0,0.0,0.0,0.0,one_area
YnDvjz11ZE-f9qc3gEm-KQ,HuawlT4tXzCXL8ftyvCZ0Q,1,21.0,0.0,0.0,0.047619047619047616,0.0,0.0,two_area
YqsceNOYPupHz80fOwVviQ,GSiZfdrbw72LF1D2xTaTzQ,0,,0.0,0.0,0.0,0.0,0.0,sparse
YrWN6qplTdYlQ5urYNxpwg,ui4DfohP2wEh-BJbr_2D-w,0,,0.0,0.0,0.0,0.0,0.0,one_area
Z0yHptbS93271s_h6LJOMw,xB3MxRBF6l8rd9xxJVnLhw,0,,0.0,0.0,0.0,0.0,0.0,sparse
Z8xy8ivjN7wl2HSyOtEU8Q,fPVw_wHn85lccdTyMrcsZQ,0,,0.0,0.0,0.0,0.0,0.0,sparse
ZDgqRbMzvh5xLvLPf5pd1A,pwblP3G6LkVT03I4z9kb0A,0,,0.0,0.0,0.0,0.0,0.0,sparse
ZG7d4yTQxdQ4SAKRWXBg_w,QGzyGNkNBnB1q6KgeUL3Cg,0,,0.0,0.0,0.0,0.0,0.0,sparse
ZGnUQTLwVZTzSLGu6vR4nQ,BD1FU6xsYPtbQZ8pXk0_gw,0,,0.0,0.0,0.0,0.0,0.0,sparse
ZHiVNK_5ytWSSR9HGr0iIQ,DIGW-yEmaQeEq_SJKvbZyg,0,,0.0,0.0,0.0,0.0,0.0,one_area
ZIlZhl7xT9gztKRlWk8Uvg,xt-KpT4x2nMjLT44OKTTMA,0,,0.0,0.0,0.0,0.0,0.0,explorer
ZJZARSGq4UOpsFl72PZNAw,MGwRMnfgxPrk9HJ_a2GfeA,0,,0.0,0.0,0.0,0.0,0.0,two_area
ZSmUmmJ9Jxk3UeaVmWg4Eg,RkA7wLIxPweJn0HgLSNjHw,0,,0.0,0.0,0.0,0.0,0.0,one_area
ZZ6LB_EAJFvpx3VbYcg3QA,bNbeh5ht7xnElgdLp8tHAg,0,,0.0,0.0,0.0,0.0,0.0,sparse
ZZMnSSzyL7l9XiLgrtlwZw,1ROHLAfputpAhqVmCiclnw,0,,0.0,0.0,0.0,0.0,0.0,two_area
ZjGnvSASx6ziJ2pLD8KNQA,6wpBGLsJaaox7ab4wrGXLA,0,,0.0,0.0,0.0,0.0,0.0,explorer
Zjp8kd0zPbrp8-uCrmklQg,b1oTd46rLH7BHjGQGbsUqA,0,,0.0,0.0,0.0,0.0,0.0,explorer
Zqu-tMR9CHjA44sU7I5bXA,6_T2xzR74JqGCTPefAD8Tw,1,41.0,0.0,0.0,0.024390243902439025,0.0,0.0,one_area
ZunpK0C6__9QjOeJdvhU4A,jwEHfhS7uLK4TJgGPfnWDw,0,,0.0,0.0,0.0,0.0,0.0,sparse
ZvkbHmIQg0z28aPoLB8-QQ,QHWYlmVbLC3K6eglWoHVvA,0,,0.0,0.0,0.0,0.0,0.0,sparse
_-Uw7Bk9mGdE8JnwI6Czog,wkIc7MTnnGkqZC5aJyKimA,1,30.0,0.0,0.0,0.03333333333333333,0.0,0.0,one_area
_1hPdizzSbtEqgO_VKR72g,oWMHyf_2zG9rP9QlPUvvgA,0,,0.0,0.0,0.0,0.0,0.0,explorer
_2PfDGJk_JbVktP5E8DKTw,4r6N_Fhiwoqo_FqQ7Mm6mQ,0,,0.0,0.0,0.0,0.0,0.0,sparse
_3slMJIPWtusJq4waO_zqQ,mTnp8g8vFnuJso_NK7sR4A,0,,0.0,0.0,0.0,0.0,0.0,sparse
_6eWh95nK84sZMSH4kA4Gg,9kRMy3STSi9X6ETtIhrYGg,0,,0.0,0.0,0.0,0.0,0.0,explorer
_G4218U6yDywqn_06L595w,UVsD8jyo-9J0OUdoSKI0jQ,0,,0.0,0.0,0.0,0.0,0.0,explorer
_HhajxbU7yprqYMtvBlIig,jxfAi7UDmtbhyPw7ZsfKVw,0,,0.0,0.0,0.0,0.0,0.0,sparse
_K4pNMWOUkvQlO0k75xV9g,_12864iQDcnAs317NlF0hQ,0,,0.0,0.0,0.0,0.0,0.0,sparse
_KL1CGJLouKvmtqvIsh6hA,rbazT4HNABCj_CeEG7IpNw,1,40.0,0.0,0.0,0.025,0.0,0.0,explorer
_Voi8461u-vpVgEkZ7wg3g,rwd4rGpYxiCXvgMV49sYAw,0,,0.0,0.0,0.0,0.0,0.0,sparse
_cQJIRrJu0pXqBSloGFmyA,DVBJRvnCpkqaYl6nHroaMg,0,,0.0,0.0,0.0,0.0,0.0,sparse
_mtqoo7wQYheXrO1pCAo0g,KBsLYznLfnJEY3RIBUZe0Q,0,,0.0,0.0,0.0,0.0,0.0,one_area
_sc93u8VgIQVi5Af_7h1GA,vCHNWdW-ys-nWUx3Cpvk8Q,0,,0.0,0.0,0.0,0.0,0.0,one_area
_yRKTBGymWyWoBj2YJFCmQ,AaRpbFg8-dazKyKmoh65tQ,0,,0.0,0.0,0.0,0.0,0.0,one_area
_yS6GfchBYtNThmucf_r1A,NMcKC_0n7nNDkhi_mgopzw,0,,0.0,0.0,0.0,0.0,0.0,sparse
a4MrK-KrumPaY5Vl0aC1rw,THJ0i8yRyx1OfvzLsJXgng,0,,0.0,0.0,0.0,0.0,0.0,explorer
a7Hc-cLGLMVXb6J5c8aXRw,jF9F8YegOx_VMyrc9GN3xw,0,,0.0,0.0,0.0,0.0,0.0,two_area
a91M-RIBmsjCYtOd-X2hFQ,vC2Yt0Cdm5x0K-a78vQU8g,0,,0.0,0.0,0.0,0.0,0.0,sparse
aEgD7g9gof2Bl0dUEwWQ2g,KiS_RPGyyffyYXpfvilALA,0,,0.0,0.0,0.0,0.0,0.0,sparse
aJgLdDQt9ytb-qbF8hpyjQ,yihGPorZJ4gruJKMgdg4zQ,1,2.0,1.0,1.0,0.5,0.6309297535714575,0.6309297535714575,one_area
aN3hqwdyeT6AmyUq3GgIIA,eJaeTZlIdM3HWCq__Ve4Wg,0,,0.0,0.0,0.0,0.0,0.0,explorer
aOGtShQrhkVF0REtkJCNkA,0hAx_XMGnr6ElSARRfgnhw,0,,0.0,0.0,0.0,0.0,0.0,sparse
aPEZfHCW053NYcWrNT6vZw,J1XdgoK5-wabYDTGKAIzCQ,0,,0.0,0.0,0.0,0.0,0.0,sparse
aQr8seSnycChN6TSqQ6PEA,hRUSPrkVFRV-kCyILTaRLQ,0,,0.0,0.0,0.0,0.0,0.0,sparse
aW-gSyHbowWiIJ0Qf1K8PQ,o8VR_4C-krOcgHiMoi-g6g,0,,0.0,0.0,0.0,0.0,0.0,sparse
acqIFO_sRn910Nc3tJVC3A,aPT4FN4l99KolZP7G6H9Aw,0,,0.0,0.0,0.0,0.0,0.0,sparse
adAyqY8C2KUzz_IvYfLszw,G6lbDeRY_ZpD7FS5dL3qJw,0,,0.0,0.0,0.0,0.0,0.0,one_area
afKo80GQvZYbdlwckuZixg,UyD7FJamt_pw1V4d00lwjA,0,,0.0,0.0,0.0,0.0,0.0,sparse
ah5_tmNcNRufLDgbbU5t7g,FEXhWNCMkv22qG04E83Qjg,1,3.0,1.0,1.0,0.3333333333333333,0.5,0.5,one_area
aha055JQo_MKHlBGAqPkWA,l5Ie83k7G00K0EOv-qLc8A,0,,0.0,0.0,0.0,0.0,0.0,one_area
ajR1S3mEFTUnixX2a35yJg,VtAhddes6gaZP1ESoeUWSQ,0,,0.0,0.0,0.0,0.0,0.0,sparse
an2Y3s60SO4oOrDzXoz79w,vl2jDU7-FU9wftxc3iC_sw,0,,0.0,0.0,0.0,0.0,0.0,sparse
anyYN-TwiaH2mUOcsvQEbg,GzeXHLLVCD24cfJUNv0d_w,0,,0.0,0.0,0.0,0.0,0.0,sparse
aqSmzW3CtNW61CIaK__7ig,sKbljlVu_u5KsjN6xmzrtg,0,,0.0,0.0,0.0,0.0,0.0,sparse
asGyqFBanQVhs31aNrLLUA,2TK1p6uIO7dHDWOQeit0Fg,0,,0.0,0.0,0.0,0.0,0.0,sparse
auZK-98eELMr-_-Ur7XCwA,tLVnL8CqQYiMU6E_aayYog,0,,0.0,0.0,0.0,0.0,0.0,one_area
auz-JbxlUP_uMEy3p5gGWg,y7pKM3eFDZ9eRchC6SNMsA,0,,0.0,0.0,0.0,0.0,0.0,sparse
b1D-Vsr3JmG-dxAorXb6VA,KbSpEQ_54ovgNxOoxKP79g,0,,0.0,0.0,0.0,0.0,0.0,two_area
b2G1n12ldY7PCDrpB9TOYg,CPPOKMjjE3-au0BWdbC95Q,0,,0.0,0.0,0.0,0.0,0.0,two_area
bAmK1OzZpDkKeN_az63sMw,ytynqOUb3hjKeJfRj5Tshw,0,,0.0,0.0,0.0,0.0,0.0,explorer
bI_cvUKQeyQcyHZWUZnmMQ,kb1Tf4xwb7CQW5OXf9zwqw,0,,0.0,0.0,0.0,0.0,0.0,sparse
bQmMPB7y_u4SM2STjTO-bA,wCxiDaOI0LVWdqUEWoPv_A,0,,0.0,0.0,0.0,0.0,0.0,explorer
b_H4G4woryqNEW5W0E7W7g,vJeHUxMZEXiET3ucrts0dA,0,,0.0,0.0,0.0,0.0,0.0,sparse
bhWclax6Qx5_dxOKHSvj6w,qeue741QLmfoDCbgSrZTLQ,0,,0.0,0.0,0.0,0.0,0.0,sparse
biVmz_l-4wYkwrV_eeb9FA,QBnteiO92wOvE1WCYjMC_w,0,,0.0,0.0,0.0,0.0,0.0,sparse
bodz_h8AmL2RVwRnRpDR-Q,GW-H37yWCNhgWPg9RwKbVA,0,,0.0,0.0,0.0,0.0,0.0,sparse
bpBmGt_yrXBI4LksTYzdmQ,wYjjn30GQlRXw-W2IYBqSw,0,,0.0,0.0,0.0,0.0,0.0,sparse
brdhI1aKGou0k2UcL2i3kg,Ux7saSYU-Rj90QqkW_Aang,0,,0.0,0.0,0.0,0.0,0.0,one_area
bxKtZwV1Xr6JUksBASxiRQ,jHVotJhyPKOLuO7MVnmbtQ,0,,0.0,0.0,0.0,0.0,0.0,explorer
bxNF0eU_yKHKcSmnWG9riQ,OrzCInxEE8FlVYO-U5wemA,0,,0.0,0.0,0.0,0.0,0.0,sparse
by81q_rpwwMStxhfOhZFwQ,mNw3UU6PPUAeS31VKgM-qw,1,95.0,0.0,0.0,0.010526315789473684,0.0,0.0,one_area
bzrbURQEIsn7-j3mXyoxRA,62hyRsi4-6pskqkgZGst8Q,0,,0.0,0.0,0.0,0.0,0.0,sparse
cAtnUGFB0WE2FquMoSoiiQ,26jYcdFR5oLqKDKpTH0JIQ,0,,0.0,0.0,0.0,0.0,0.0,one_area
cFw_PVNvzecqe_3qvoSsUA,y_ErDiWeXxyYcL1_U966qQ,0,,0.0,0.0,0.0,0.0,0.0,explorer
cHrJ3sKZcv6IYkeQ4Sm4-w,Ak4vFqHZUWU5KXONRnuieQ,0,,0.0,0.0,0.0,0.0,0.0,one_area
cI--VISVnwGV-tiuokRlag,pllqGUSm916mm52BYUV_GQ,1,67.0,0.0,0.0,0.014925373134328358,0.0,0.0,explorer
cNbL9w6jQuNMKKjUf32Nhw,ld_H5-FpZOWm_tkzwkPYQQ,0,,0.0,0.0,0.0,0.0,0.0,sparse
cYfyBD4YteuD2qzwGIYP6A,TvbJq1a1Xto5w6t4zMUYHQ,0,,0.0,0.0,0.0,0.0,0.0,two_area
cbdRgEZMXnHM8QjkE7sP8g,Sa09GY2yv5gn15qfZ5JKsA,0,,0.0,0.0,0.0,0.0,0.0,sparse
ccJ8Mxr8VVz9oJimZNTTwg,tl5dthD9F3vGCww-N9kSVA,0,,0.0,0.0,0.0,0.0,0.0,sparse
cnN4EEJa9UHskl4Fct1-wQ,Wgscf8NzXqHHT8C6fROWMA,1,74.0,0.0,0.0,0.013513513513513514,0.0,0.0,one_area
co6aC5SsnueLBBkRNXpMJg,xB3MxRBF6l8rd9xxJVnLhw,0,,0.0,0.0,0.0,0.0,0.0,sparse
coM3qJyeAHI78w8qqY28Dw,SYJ_7skUPMHBPIWK88uM9w,0,,0.0,0.0,0.0,0.0,0.0,one_area
crF0y6p8vQi2Uq97WkJ7AQ,hPE5YMQ3b6guHogth7qz1A,0,,0.0,0.0,0.0,0.0,0.0,one_area
cvPPdCmm-sq7czAArSg58g,G8H-8KnMFjS4bHtTBX9t7A,0,,0.0,0.0,0.0,0.0,0.0,two_area
d1u8IBACgcKroecTqlXxmQ,wHkYLlZyPXllrQRlvidUlg,0,,0.0,0.0,0.0,0.0,0.0,sparse
d7ks3nVCdMV1eI-vfYCSWw,OR7VJQ3Nk1wCcIbPN4TCQQ,1,54.0,0.0,0.0,0.018518518518518517,0.0,0.0,one_area
dRpoKPePbLoSIiSIS7XymA,FobCwoYftjoRt4wjXj7bmQ,0,,0.0,0.0,0.0,0.0,0.0,sparse
dS1ctAuaGo2eRVTe0PWQZg,Gx7lY_Y-siF6jLrSMwCbZg,1,37.0,0.0,0.0,0.02702702702702703,0.0,0.0,one_area
dXcAJzsA9-2x45qi2arazA,mJ_THREGbgGRWshvtQ-AVQ,0,,0.0,0.0,0.0,0.0,0.0,one_area
dfopq7NT06ms9s_tCuF79w,zgGdNJdYjlWDmOIxrJhQ1w,0,,0.0,0.0,0.0,0.0,0.0,two_area
dn76ak6ZEPI7XNhdMpxl6g,S-lRgYFiik3ptkJf23xkbw,0,,0.0,0.0,0.0,0.0,0.0,sparse
do6uIGdA_L_8IFoJ80stTA,_jM0lxArSLUdq6ogkRhzbA,0,,0.0,0.0,0.0,0.0,0.0,sparse
dw1Inj5D8v_k5s5j16JoDg,vN6v8m4DO45Z4pp8yxxF_w,1,36.0,0.0,0.0,0.027777777777777776,0.0,0.0,one_area
e0Omm8re_M4FCtTql4o7Mg,Gf3szNlyQWst4v49S-W1lg,0,,0.0,0.0,0.0,0.0,0.0,sparse
e8a8cRGSP3QOYB2hjpoeSw,iSRTaT9WngzB8JJ2YKJUig,1,1.0,1.0,1.0,1.0,1.0,1.0,one_area
eMg6PF3efZLrvvqYGJLOpQ,UeYZgcORV2Veo_BZzdiaTg,0,,0.0,0.0,0.0,0.0,0.0,sparse
eNxb0N6BGQXMYt9pC1IJqg,7b-4PtkVI_qZ76jp4rz8Bg,0,,0.0,0.0,0.0,0.0,0.0,one_area
eQB-zeNwKOGk3F1xLQDp5g,kLS3Sth5HvO0IjrXCCvXxA,0,,0.0,0.0,0.0,0.0,0.0,one_area
eTBfcSIRTHaMjakKOrS-BQ,Pr-OrQ0-hNPFdp8bVZN6Lg,0,,0.0,0.0,0.0,0.0,0.0,one_area
eUz32AlWqRcPKxpvz9UP4g,V7dXBEowSa53mOVaDtnj_A,0,,0.0,0.0,0.0,0.0,0.0,two_area
eVIf6rdRbevntBmV85jOrw,O2l31-gVCX2R9yRTtGPyaQ,0,,0.0,0.0,0.0,0.0,0.0,two_area
eX9W_FuVxfHRvZf0AtnSkg,zrd6bulYNAKhCdSVtJ8aXQ,0,,0.0,0.0,0.0,0.0,0.0,explorer
e_umI7svTx8bvZWRItCBpw,Kk7BUZMdcrQ1DTHOQ_pkMA,0,,0.0,0.0,0.0,0.0,0.0,sparse
efIx7xceSPAxrAfVg7fqRQ,onp9X_9RRAEzA-yqdiSOcA,0,,0.0,0.0,0.0,0.0,0.0,sparse
eiCPWdaKEE5RO_vbXS0uUA,QMo3URjgmyY_jU9GtYfxtA,0,,0.0,0.0,0.0,0.0,0.0,sparse
ejaGPcz3aDC-EmgThqGvrw,dobrhbpdxTMh9EWiTEQk7A,0,,0.0,0.0,0.0,0.0,0.0,sparse
evJE7AO2ARFHJzB_Is_Thw,4klUc-NroGEM1vGzp2-0Qg,0,,0.0,0.0,0.0,0.0,0.0,sparse
ezFwl_4j7dzitHnFUmkPHg,hkirr3WzSTx2d9cdP_NKSQ,0,,0.0,0.0,0.0,0.0,0.0,one_area
f4BpRCgSjzqU8i7OeuY4YQ,nCc_-_oc80UjldIM68_YeQ,0,,0.0,0.0,0.0,0.0,0.0,sparse
f7ze2In-eT0QORtfp1s4dQ,F0v0inbX8fjtBAEk1IUXng,1,93.0,0.0,0.0,0.010752688172043012,0.0,0.0,one_area
f8pr3jhnzvOTA7xoDz2Xxg,iwVYwD_5u-JCyplAw9bhfg,1,86.0,0.0,0.0,0.011627906976744186,0.0,0.0,one_area
fExlvvpw8srFzcxKmBIIew,cv-SmPhbpwQCtlI2Q7KJIQ,0,,0.0,0.0,0.0,0.0,0.0,one_area
fJ4aIGg6XBVNawGQAkUIlw,NbNIxOxOtddU6cg4ixA1ww,0,,0.0,0.0,0.0,0.0,0.0,one_area
fK5YD9--4n4Zqd2U6DViKg,aIflpZXlmofFGelTlqgGEQ,0,,0.0,0.0,0.0,0.0,0.0,sparse
fKDP8ZUgY7EXPrN4KPijUA,pyiDqz1juWR1nJHGAeOMQw,0,,0.0,0.0,0.0,0.0,0.0,sparse
fR7KmZA__LCnOnQKvPdY0Q,oRQKEVR6uNlV8jnUAaPgpg,0,,0.0,0.0,0.0,0.0,0.0,sparse
fSCAMVAqVLGMIMfZ8i1ohg,krTxH1a9kzWgwvt3PVH8pQ,0,,0.0,0.0,0.0,0.0,0.0,sparse
fYNh00VSPj6dc6XbHSpcLQ,HuECL2Vymf6WXvnE1_bvRA,0,,0.0,0.0,0.0,0.0,0.0,sparse
fcX6hy0JaXewdgnzYA15Pg,cIzp7QZOaUyRLl3ZcwsrHw,0,,0.0,0.0,0.0,0.0,0.0,one_area
femF4Ekns1BNgAlP9EdOYw,xe2L_RvBNgkrVburQrfW_Q,0,,0.0,0.0,0.0,0.0,0.0,one_area
ffIsvFDbmq6v2dYQlWvn4g,tPpxOb2HvefqsS6z9EoxZQ,0,,0.0,0.0,0.0,0.0,0.0,sparse
fnREmrNDKsyGEn6CXA4otA,ujYhU3bX35BCVj1NUbSQpQ,0,,0.0,0.0,0.0,0.0,0.0,one_area
fpP-_BD04WApsYy4c2a96Q,wEI-j7yCt-voSHgbjgnhIg,0,,0.0,0.0,0.0,0.0,0.0,sparse
fsPSNoVcGuNtIF-5gBclKw,1zlxG9PM3Zs_A037rbXLbA,0,,0.0,0.0,0.0,0.0,0.0,sparse
ftNChbifmX7pxgytv0e-dQ,4x_DhrjTcrpieMkbrrCU-g,0,,0.0,0.0,0.0,0.0,0.0,sparse
fx5abtQ1V5SftfGrKfciQQ,QO4E57PptMqNMrSS9sefUw,0,,0.0,0.0,0.0,0.0,0.0,sparse
fziqijetygyZ6zqnmIUkIA,Fc_8eLlcq5yy4DzrEeqEaQ,0,,0.0,0.0,0.0,0.0,0.0,sparse
g-EynTcuFjYKASqQAWMicA,663TbE6U48Fj_4WgAh-W_g,1,68.0,0.0,0.0,0.014705882352941176,0.0,0.0,explorer
gEjuvV6ffgrlv07q72qYjQ,Trbe4JX-oLHrrVVPcv0wog,1,64.0,0.0,0.0,0.015625,0.0,0.0,explorer
gFDG2SRX0rmA1-VY8UE3Ew,C26xmwM2_OgJJi2BbL3KkQ,0,,0.0,0.0,0.0,0.0,0.0,sparse
gHnT7EfxvHOVZKXUpf6F1A,A4kIIfz6_9DUa-gE7YE-0A,0,,0.0,0.0,0.0,0.0,0.0,sparse
gMYkyX2FaCgto0_RGkngNQ,p_qSQwShIgQnNxGcajI4-w,0,,0.0,0.0,0.0,0.0,0.0,sparse
gPuyzGnE3xMtugpmdtiH1g,JGo8Wm7A9ysK5Ilpcy8b9w,0,,0.0,0.0,0.0,0.0,0.0,one_area
gRHTOWUaVpesQYdbxFqChA,abQpaUX09LiT8GQBWJR99A,0,,0.0,0.0,0.0,0.0,0.0,sparse
gTsbM38AKzspKE7Wi_4Rtw,-TzFN6nWvbVRARY2B11Epg,0,,0.0,0.0,0.0,0.0,0.0,sparse
gUiNt6eHEtQxq5ON5IRncw,c-iKAO2GBzSKjm7y1Oljcw,0,,0.0,0.0,0.0,0.0,0.0,sparse
gWX6Bdh2c2VBjfc0iq830g,f36jIMUlIJkyO9GYeKVnYg,0,,0.0,0.0,0.0,0.0,0.0,sparse
g_wQNtclPAK5DExUw72wbg,NAMen7YzwlYDs_5ECMnuYQ,0,,0.0,0.0,0.0,0.0,0.0,sparse
gch9Ub_QnddF2S-OBXA8oA,cAAtoYUKC_Z8AmSF95mjcg,0,,0.0,0.0,0.0,0.0,0.0,sparse
gcpe2II61pYhqqqU6Q1-Jw,sphMtkeFB-CLkPpJrpsFCA,0,,0.0,0.0,0.0,0.0,0.0,sparse
gfHDMulGnn7Yea9Xa0Jz3w,kXIgc8v-OobCNYNAIE5Vrg,0,,0.0,0.0,0.0,0.0,0.0,one_area
gjPQ1d1l0RSBBSe3cJAk3g,bqR_3sT_rNp0hZglPtX6rw,0,,0.0,0.0,0.0,0.0,0.0,sparse
gkg9VqsxPCgpfYXO1dl8CA,bFln2Z17KfFIcEz4TRaHjw,0,,0.0,0.0,0.0,0.0,0.0,two_area
gmn8xtLg1UoQPoPp4lJWYg,Tq5jFk_BMSJG8-flqj5Bgw,0,,0.0,0.0,0.0,0.0,0.0,sparse
gnj_AZWXW9hODG8VUvqG_A,6-5hbU746kMNgim0YOOg6w,0,,0.0,0.0,0.0,0.0,0.0,explorer
guCT9OAeRjWo1Lx4jnvVIQ,mFd-j_KM90IOamGmoN5AQA,0,,0.0,0.0,0.0,0.0,0.0,sparse
gxt-CF0v4ByVo2-X7KlkEw,QTq4XbjfoaTGSiUWi1tEzg,0,,0.0,0.0,0.0,0.0,0.0,sparse
h12vpUDEtHIBYBnpZkx0pw,eCikDKFbaeYVNdCD2beX0Q,0,,0.0,0.0,0.0,0.0,0.0,explorer
h1ZPAX2ztQkqzge9FuzR3g,htO_nlxkEsYHzDrtbiUxew,1,99.0,0.0,0.0,0.010101010101010102,0.0,0.0,one_area
h2ROjeSjZZqQzz5ZzM0o9A,DQ40RrKUpAra--v6C0Q_2A,0,,0.0,0.0,0.0,0.0,0.0,sparse
h2gcZCpwQcG9jrb7Fi9wlg,yZ-vvz96ekS2-zG_ZsyNLQ,0,,0.0,0.0,0.0,0.0,0.0,one_area
hEYpVPH1YhTypMAdj9NnFA,k8kC-VYrewVejvkPxczZpQ,0,,0.0,0.0,0.0,0.0,0.0,sparse
hI-B0cYL6uoZEQU3A0TupQ,0aT56_BjLyMi_NyL8tLGVA,0,,0.0,0.0,0.0,0.0,0.0,explorer
hMlzK6y_0mvV-4RI-ck43w,0CHIbqSkGWBr2KMkIUocEA,0,,0.0,0.0,0.0,0.0,0.0,sparse
hMqY99pR5D0s51nSuuSBww,jPewcmlW0MSV5TezEllWtw,0,,0.0,0.0,0.0,0.0,0.0,sparse
hNm-uC0HMCAES6U_de-bzw,FYw5uf26ry8-MuPKD10z0Q,0,,0.0,0.0,0.0,0.0,0.0,explorer
hR662pdd6p3Zh0NLQbl9pw,6a4gLLFSgr-Q6CZXDLzBGQ,1,16.0,0.0,1.0,0.0625,0.0,0.24465054211822604,explorer
hTZu4j_SZsiABuU29sQXww,i_FWONQD1ZBqrNE2b-M5Ug,0,,0.0,0.0,0.0,0.0,0.0,sparse
hZpBOspgZVcenuPgQk-X3Q,DWA7JiOvWZtTREq6-KA5jw,0,,0.0,0.0,0.0,0.0,0.0,one_area
hdjkgTssdEP67KLKioOvRw,vWyg7n0gGVinsrSj68GDeQ,0,,0.0,0.0,0.0,0.0,0.0,sparse
hdzTAN8DGJKRddkZ8279JQ,GST3wg-wej15vHeCvaXE6w,1,9.0,1.0,1.0,0.1111111111111111,0.3010299956639812,0.3010299956639812,explorer
hhzPbzqRm3sKS9BRC5brnw,hX_8ZUmIqWFWzjdiPrf23w,0,,0.0,0.0,0.0,0.0,0.0,sparse
hjqY1QiepOXMco82OqCtdQ,XiC7tQANHZNtTF0a73kN3g,0,,0.0,0.0,0.0,0.0,0.0,explorer
hk8Dm8f6aYu1Sl92R4ltOQ,fmlU1_s_2hAHHpXlCIXPVg,0,,0.0,0.0,0.0,0.0,0.0,sparse
hpTqDXhI6kADYIZsFjKyJw,Z8c0t6xPfM8u1H1ZUcWlOw,0,,0.0,0.0,0.0,0.0,0.0,sparse
htWfqjFTrCCddpJ_QGQtQQ,yw3vRR7XLIjEnlhMnVzR7w,0,,0.0,0.0,0.0,0.0,0.0,one_area
htsnJpyf0SVeDb2glUIrfQ,5AwQnUJKugSSv_TekCzORg,1,8.0,1.0,1.0,0.125,0.31546487678572877,0.31546487678572877,explorer
hx9CFj-rrWBy0eLheQvgwA,kWrBJ6E8aKhfGkvsXQwxZQ,0,,0.0,0.0,0.0,0.0,0.0,sparse
hzvIwkKaNkMG2766T8YIfA,c-jQ_--GMT_SvyjclyYqMg,0,,0.0,0.0,0.0,0.0,0.0,sparse
i7R5GPfNeFodZqFwixnhog,uJxUDvRd89bHePJOD0-n3g,0,,0.0,0.0,0.0,0.0,0.0,sparse
iCnDT4Pntlh1Oxg5m00FCQ,6TciI6uBdrd8z1av1YleLg,0,,0.0,0.0,0.0,0.0,0.0,sparse
iFJmp5hLuq39R9IiI6J1yQ,jGbGTFCmkZ0JvWv8WX9MGA,0,,0.0,0.0,0.0,0.0,0.0,sparse
iK3N8s4qhg14cCw2dmdBlQ,An64muP06DPFaqPc6QGgSg,0,,0.0,0.0,0.0,0.0,0.0,explorer
iPmtBlrhxOdNufcjqFiczg,R8t9g5nvi7VFyS8zsgmj8Q,0,,0.0,0.0,0.0,0.0,0.0,sparse
iRun7Wy0frkfQPTe6ZUnMA,TImtXJJpEJrtC14xVjAFNQ,0,,0.0,0.0,0.0,0.0,0.0,one_area
iWATdPcMb-fv94UBLXSFsA,8awz5GSXpwf3MIxztHmoGg,0,,0.0,0.0,0.0,0.0,0.0,sparse
ibh8iLrJioL90o_iHXedDQ,t2NOHTihthJ9nHGXr3C8ng,0,,0.0,0.0,0.0,0.0,0.0,sparse
idgPhN-N3gkZBC9Ocnp_sw,4kjq3pjsyA8XdwYDJg8y0g,0,,0.0,0.0,0.0,0.0,0.0,sparse
ig78V5Hmr6q-uR4hXMtqvw,PrYSQ_FVZAXB46KcscmLrw,0,,0.0,0.0,0.0,0.0,0.0,sparse
ij3FhJBdPulyz7WgeeFr7Q,FljrXsruuoFB6v8InG-3Ig,0,,0.0,0.0,0.0,0.0,0.0,one_area
ikmXgusUvPYOqlHt5LuH6w,oNljfUjRC0wZR2Tf0pU2PQ,0,,0.0,0.0,0.0,0.0,0.0,explorer
iu3LcHQrA0EkInB2N0UWCA,-iGzevsRYAi990-Lt-iMoQ,0,,0.0,0.0,0.0,0.0,0.0,sparse
iy48sXsYF2wdO7u98rS3ww,cp3pRJJuQo0urJZm2inr_A,0,,0.0,0.0,0.0,0.0,0.0,explorer
iz6amC-ytaz6Dt4RIYtcnw,jLnIvbbXUg4s7CP9G-Whvw,0,,0.0,0.0,0.0,0.0,0.0,two_area
j-zK7Oo_sNljumor7Y7yiw,fchpEk-UJf_AUz-51LEidg,1,9.0,1.0,1.0,0.1111111111111111,0.3010299956639812,0.3010299956639812,one_area
j3grLltXv1efw8j1FZ5W0Q,GUPpuoOBAG4lM14Nv8IqTg,0,,0.0,0.0,0.0,0.0,0.0,sparse
j7OqaWk_Ki_ZcBT99xhM-A,FRqND_c_s1t9gulqNkVrqw,0,,0.0,0.0,0.0,0.0,0.0,sparse
jF2NWMxcrPsZCiZ0z8jJSg,7rUaXU8_IgnOrOMnN7HPQQ,0,,0.0,0.0,0.0,0.0,0.0,two_area
jJroLKOjVKWxfVp7awd6sQ,-1w9JMktu9oWTXwNqtZQoA,0,,0.0,0.0,0.0,0.0,0.0,one_area
jPUnXRb4Fjc2icuHFA_zqw,i_FWONQD1ZBqrNE2b-M5Ug,0,,0.0,0.0,0.0,0.0,0.0,sparse
jSU8wBJ4R6gUle3qbN75yA,bZ2mNCf64JlX-_U5eDOcQg,0,,0.0,0.0,0.0,0.0,0.0,sparse
jSf_SBIKiLRS8WePH1_mfA,-aZpjNPSNfTXYkLMkQDiKw,0,,0.0,0.0,0.0,0.0,0.0,sparse
j_dm105rRviZ-xi7xCI5Jg,vpg7BwhGHjsAHm-bC1i3Mw,0,,0.0,0.0,0.0,0.0,0.0,explorer
jjm96iKMzOXHnIhGxvxfCw,JfyY3O1g2xMpHAUYUs_2mQ,0,,0.0,0.0,0.0,0.0,0.0,sparse
jkTC2tcJXL_W341a5_8I_A,6djwQL1FOoe0SZONQHjhrw,0,,0.0,0.0,0.0,0.0,0.0,two_area
ju3fAGMdNwhwEBC6yXRlOA,SJEtfe8kL60bh3D40KTRMw,0,,0.0,0.0,0.0,0.0,0.0,sparse
jwuhvdOUPVnVe-QAS5Ycgg,b7V_5q22_eTeHlYzq1bpFw,0,,0.0,0.0,0.0,0.0,0.0,explorer
jxN3P8JnAF8k8UBl6knPMw,U3cgoW533NMhBthVOA0tNA,1,72.0,0.0,0.0,0.013888888888888888,0.0,0.0,explorer
k0p0RWMjvv8Ps1SUSuYL1A,PrYSQ_FVZAXB46KcscmLrw,0,,0.0,0.0,0.0,0.0,0.0,one_area
k2nqc9tAtBnv9Gn6Ow9pyw,KU7XnbHB-EBOCbyXH0VVuQ,0,,0.0,0.0,0.0,0.0,0.0,sparse
k9GaWoNc6PPfiBHutgQVJA,g8ZqVCalVp-PsOqyS4dXGw,0,,0.0,0.0,0.0,0.0,0.0,sparse
kDyNXZa_Ph0IdGHQCT1LeA,elEQxid6rZ3tRZF1Kwkr9A,0,,0.0,0.0,0.0,0.0,0.0,one_area
kI4AqkGkZhCI77oShkBXtg,EFql1oIf5JKaet3SdEpIQA,0,,0.0,0.0,0.0,0.0,0.0,sparse
kKncnVGJRsJ8j9UnbqmdsA,IS3h8_4gL_IbmpVTKDB3LA,0,,0.0,0.0,0.0,0.0,0.0,one_area
kMuYiGpfaZQ1QktYqbvChw,Lx9r_hXHRU9Cg5zwkOBxmA,0,,0.0,0.0,0.0,0.0,0.0,sparse
kOG9KvVJ3A-FvNx5WILuwA,WetGZHi6Q_A-zxujdzjVJg,0,,0.0,0.0,0.0,0.0,0.0,two_area
kQPM5MJIL4uZWXbyFnHZ-A,-1oygVebK81K8JEPI6H6Lw,0,,0.0,0.0,0.0,0.0,0.0,sparse
kSR4n_tOHVMLsMosSIqYkw,RF2SocELaoYkXnZhxRcX0g,0,,0.0,0.0,0.0,0.0,0.0,sparse
k_muz40jJaiY1PVga6NDXA,5NtlI8JSlVcDNcsstl9oeQ,0,,0.0,0.0,0.0,0.0,0.0,explorer
ka4y4r5syDvy0TfnVnGwdA,ma9zcqAdxJpMdeg5-UGNLw,0,,0.0,0.0,0.0,0.0,0.0,explorer
kjfF-u8c55wI8f9Oouac8Q,9HvjjSwxxubIhG6E_sObfQ,0,,0.0,0.0,0.0,0.0,0.0,sparse
ktsnm5_k0Kb3C8ALMvhHdQ,4gAYAdwYDyMA8xzz4lioYQ,1,98.0,0.0,0.0,0.01020408163265306,0.0,0.0,one_area
kzkAXy9mJS6gMljzC4xGXw,m4xrhESFLaA7PiddXeg2aw,0,,0.0,0.0,0.0,0.0,0.0,explorer
l8YT0FqbvwEzrCH4HrrDKQ,FFaR1oEJbzjn7CohqIt6TQ,0,,0.0,0.0,0.0,0.0,0.0,two_area
lHJIhD0vQ8xjyHUb-IxByQ,0RuvlgTnKFbX3IK0ZOOocA,1,3.0,1.0,1.0,0.3333333333333333,0.5,0.5,one_area
lIgrsHJACOeILxgcH_1CKw,NWwVZnCb8-Oh9QWWAb2T2Q,0,,0.0,0.0,0.0,0.0,0.0,one_area
lM1F_4TP8sgIaFVSO14cTA,R_Wi9jh57H_OzzAVWO71Bw,1,72.0,0.0,0.0,0.013888888888888888,0.0,0.0,one_area
lXQDplfo4ncsCiv9CG54wQ,ZWRgvtyHRobwpi4G-Z4STQ,0,,0.0,0.0,0.0,0.0,0.0,sparse
lZK0EiCyaCYI1FKjoRANoQ,uLp_wwemUq6cAuxPwaZF3Q,0,,0.0,0.0,0.0,0.0,0.0,sparse
lfrWaxgLJhiF-oC7tO981A,1NMz64NAM9ED-x6-dbVxdw,0,,0.0,0.0,0.0,0.0,0.0,one_area
lgFj0_TThO-a1j_5X7uWMg,PADyvVwZoY8waIraBOrN7g,0,,0.0,0.0,0.0,0.0,0.0,sparse
ln8B-7rV9JFVOvrsCnUqjA,3Ge5qClUv3L3R-a1TyLdYg,0,,0.0,0.0,0.0,0.0,0.0,sparse
lo3O4Gd7ADVhN0xlhuQ7tA,o3RGMdSY37_PX1k1vZsXpA,0,,0.0,0.0,0.0,0.0,0.0,sparse
loisywO3K7nC0hOx4HYgOQ,A_lsaliw6jk7DQV6rTfY_A,0,,0.0,0.0,0.0,0.0,0.0,sparse
lpPBPfO7MSWXxCMyLPb6kw,Ipt9ga67vVC_2ob3YmVwNA,0,,0.0,0.0,0.0,0.0,0.0,sparse
lpjYic_UWNbDNmyBRXcX-g,js8ZrAG63h81Lt83wweSwg,0,,0.0,0.0,0.0,0.0,0.0,explorer
lqLWjv3R2U2wp9Qa5t6nNA,MX2YGruhd0sMNHZGK7p5-Q,0,,0.0,0.0,0.0,0.0,0.0,sparse
lshUkvoHpnQudQklC0q48A,l0YyLVlPt2zI7srCUu2oFQ,0,,0.0,0.0,0.0,0.0,0.0,explorer
luneE7MbL8ssjSdfGRp9Eg,fcpHrRopilvsBwUajFB5rw,0,,0.0,0.0,0.0,0.0,0.0,sparse
lw_fLBSUSNX7QwryO7euCw,pRUIk3XMylfXBGwxjMCs1A,0,,0.0,0.0,0.0,0.0,0.0,explorer
lx0UBvzgmIu45g9g3G70BA,nX6UtFI-nm-MOsMQoDIKLw,0,,0.0,0.0,0.0,0.0,0.0,sparse
m22KZqgt2OwitXpC3kPVzA,JpRss-a6Nb1nc3fUvl3MAg,0,,0.0,0.0,0.0,0.0,0.0,explorer
m6kKzcA0mcCpWKQ230zHDA,yb2vAoH3E-R11yWmnT570w,0,,0.0,0.0,0.0,0.0,0.0,sparse
m8ALOcSqmMRPMzBnLOTDUg,ZddEwyX5NHCcp_u7XRodBg,1,79.0,0.0,0.0,0.012658227848101266,0.0,0.0,one_area
mGzqdHE2pJqpYdZhS5QweA,h9m5Kt1tzTI6kJikDhxn6g,1,91.0,0.0,0.0,0.01098901098901099,0.0,0.0,explorer
mJLpf9yNzY2R8m7hVXBzDg,W1aLlzTpnF6ue27JDTiTtw,0,,0.0,0.0,0.0,0.0,0.0,explorer
mOUb4M5-UYabzNUtl7CrBg,DcBLYSvOuWcNReolRVr12A,1,52.0,0.0,0.0,0.019230769230769232,0.0,0.0,sparse
mOzvWfmM0XgCsI2pJPEFaw,Bdv0prxgkPZSSsQnnxa1xg,0,,0.0,0.0,0.0,0.0,0.0,sparse
mPVO9w558aXeoTjD9INNuQ,PCb4B1fObwg0H-xFQzct1w,0,,0.0,0.0,0.0,0.0,0.0,sparse
mQAFzRcOv8tsruXOBkGYtg,0oSSjekU-3GR8gselReWnA,1,45.0,0.0,0.0,0.022222222222222223,0.0,0.0,one_area
mQgIRFjUWpMpnPVG6Rf_nA,8grIwJYQJ16EUImULDCdQw,0,,0.0,0.0,0.0,0.0,0.0,sparse
mXiw0HwmtY7eL8hlnVs6aA,i7syG2Gyr_qVPR1GwehzuA,0,,0.0,0.0,0.0,0.0,0.0,explorer
mcWqvxPLSXGd8NP2RqtuAQ,lqprvV6sAcDImpIUaTn6eg,0,,0.0,0.0,0.0,0.0,0.0,sparse
mf87yjv9RJWPiwMWI39YEg,HV7AHORTkLqIfhR-tpRmzg,0,,0.0,0.0,0.0,0.0,0.0,one_area
mnceWVTuBAA_JbrjOEa70A,IDU-TR01EtRLCMvI_CcOyQ,1,91.0,0.0,0.0,0.01098901098901099,0.0,0.0,explorer
myWcP4GNisRJImnctIHT6Q,V2uSS4OumRDvuVM_2ZSc1Q,0,,0.0,0.0,0.0,0.0,0.0,sparse
n0srlwBnVO7Hs_bZ1jlFzA,eKiGCVA8bcj6sw3ODW1HHA,0,,0.0,0.0,0.0,0.0,0.0,two_area
n5ZcMvJQb07XMjj9pCTYLA,is8mFR5NgZtFePsEh_gzow,0,,0.0,0.0,0.0,0.0,0.0,explorer
nFO1J9FJYFmI6zlKe9nxiQ,trwHwsXOVV-ZmF-MtP98BA,1,46.0,0.0,0.0,0.021739130434782608,0.0,0.0,explorer
nGLWk4b4DjvET3LDGjJ7eg,WxW50gAkatN0OtCPZD664Q,0,,0.0,0.0,0.0,0.0,0.0,sparse
nGkKPb7xdLsUd1vCk2nqYw,aPNXGTDkf-4bjhyMBQxqpQ,0,,0.0,0.0,0.0,0.0,0.0,sparse
nGw5tCOzLDgKbuZbtckVtw,9XzPqLGIkuN1rmqWH7aP9A,0,,0.0,0.0,0.0,0.0,0.0,sparse
nMyF71OVIEftHtVWrXwsxw,dllANa3I9cGHDItCMaf9Yg,0,,0.0,0.0,0.0,0.0,0.0,sparse
nT8eqcUUpgfzASqe8ITFQw,B0Vbec9zFG6J-NbnUgaItA,0,,0.0,0.0,0.0,0.0,0.0,one_area
nU0qJPZ6m8PazfHRQLJxAQ,Hy7qQD2n0ujHFqt2Z0MBmQ,0,,0.0,0.0,0.0,0.0,0.0,sparse
nYIH8IHzWp3j33L3qsAz5Q,lmQjsnT_IK_OOdsbghiojw,0,,0.0,0.0,0.0,0.0,0.0,one_area
n_xtoc4yZdM7kR8QdKv8Ow,ktMvtPI3TBkTOpSf1sTXWw,0,,0.0,0.0,0.0,0.0,0.0,sparse
nb_rhj6Wv_1n0P3P9jVRNw,1klRUBB6LfKCotq75BVmbA,0,,0.0,0.0,0.0,0.0,0.0,explorer
ncvfEtqeRJrs-CsyLknWmQ,jGn6f8Y8A9mnNlVSc4lAJQ,0,,0.0,0.0,0.0,0.0,0.0,one_area
ndBvEE4zdrkbw5w0rd0lKQ,S2n_06z4lGLZfdJ53XAXQQ,1,84.0,0.0,0.0,0.011904761904761904,0.0,0.0,explorer
ndUKNiP92lOCG3x0yVeh3Q,gBGD0dNvfLlQOAaZzCU1NQ,1,18.0,0.0,1.0,0.05555555555555555,0.0,0.23540891336663824,two_area
nkxgSAyoFvjWvtV4JDR6kw,jJKmOo4aeo_NanXQn1gjiw,0,,0.0,0.0,0.0,0.0,0.0,sparse
nm6rVuEUUjaxjC5K0bvlWg,1yr6foIrWy0HBXVpD5Wb3w,0,,0.0,0.0,0.0,0.0,0.0,two_area
npzsQuq2u8VgBIpA_CDu5Q,IkY2ticzHEn4QFn8hQLSWg,0,,0.0,0.0,0.0,0.0,0.0,two_area
ntG7xr8zNDX-7Ux5zIqLkA,9c3KOnWW3eMnBWI1gXp1iw,0,,0.0,0.0,0.0,0.0,0.0,sparse
nvExmyNyEOZRW5Am6xhmVQ,n-WO5netYEXLiC6bBJrF4A,0,,0.0,0.0,0.0,0.0,0.0,sparse
nzonwigSpOOJfqLvp3mqHA,iM0M83HT7qmLfZF8xjDHxw,0,,0.0,0.0,0.0,0.0,0.0,sparse
o3RdErZ9JI6Am3gGi0Kv0g,OqysWiDpJJbeZpmk5QOdgA,0,,0.0,0.0,0.0,0.0,0.0,one_area
o4iHwVDRfhMMlHF6IlzrJQ,lC_-o39gjsV2-LaG4IfAIg,0,,0.0,0.0,0.0,0.0,0.0,one_area
o8JbrCaUpbL7M83qeHbSQg,RcsTutp1103SGiYtam7xRg,0,,0.0,0.0,0.0,0.0,0.0,one_area
o99n86mgCJ_kbhMbE45CyQ,3WU1ZobAqXQ07xYoKE2Vyg,0,,0.0,0.0,0.0,0.0,0.0,sparse
oBlfGG-V8TuXVHCkcvvGzg,mAe2vv24uxf6MlR4-yXSSg,1,18.0,0.0,1.0,0.05555555555555555,0.0,0.23540891336663824,explorer
oDcCLLZ96VRmNPubnUVEDg,0RuvlgTnKFbX3IK0ZOOocA,1,18.0,0.0,1.0,0.05555555555555555,0.0,0.23540891336663824,sparse
oEj9vDdKeMx1MUuFymfPaw,htDRn1cXDyimxz6BJWB3LQ,0,,0.0,0.0,0.0,0.0,0.0,explorer
oGKgTy7x8-mD7ngegMh-zw,p1jcbRzdFME-3gM27eLtag,0,,0.0,0.0,0.0,0.0,0.0,two_area
oHmfaYSotJty1zTMMp9iNg,F_ker4jxFkcvfZQf-MDfJA,0,,0.0,0.0,0.0,0.0,0.0,one_area
oJCRGi311azjaB-LwdpMiQ,ciBiwtengE4sbsThPpeVpQ,0,,0.0,0.0,0.0,0.0,0.0,one_area
oKMfIpS_kzSvf_k-qDS10w,n0s2eCijdheztrvfk8BeTw,0,,0.0,0.0,0.0,0.0,0.0,sparse
oLvssslByKvEAjyfaV03jQ,w9grvGu-5bHNucOeReHzfA,1,35.0,0.0,0.0,0.02857142857142857,0.0,0.0,one_area
oMbynm2S4a9uU8bnCn5g2Q,f2bd4yADbdKYGCR_9EjF7A,1,56.0,0.0,0.0,0.017857142857142856,0.0,0.0,one_area
oN0a6KsY7fX5K7CsxKW8Tg,ai9OgENCC63Hw7VYWRkV2Q,1,54.0,0.0,0.0,0.018518518518518517,0.0,0.0,one_area
oPdEoxq-tq6swa5rvhQQ2A,tUhPRgJ7mBx-1fGef7Nv3w,0,,0.0,0.0,0.0,0.0,0.0,one_area
oQBKkCcgAhy2QQuXUwa0Lg,1b5mnK8bMnnju_cvU65GqQ,1,15.0,0.0,1.0,0.06666666666666667,0.0,0.25,sparse
oQlMwfPYbS9VTtz3edTZnA,yz0KWVamNhqiZGz7XTClzg,0,,0.0,0.0,0.0,0.0,0.0,sparse
oTpwXmK9QxWkyox3P_HBxw,rgeuy1qbw6Z8B6CSVANHIA,0,,0.0,0.0,0.0,0.0,0.0,sparse
oWxI9xF0aRPjP-RI2rDKzg,f7LOu9rXONOmGE5VgdckKg,0,,0.0,0.0,0.0,0.0,0.0,sparse
oXK8yj5yy2tuvFZrx_GXqA,S8h_kP4dx37KZaFJ7bSsIg,0,,0.0,0.0,0.0,0.0,0.0,sparse
oga5MeRqIRV-fwGVaRxtsw,gTC8IQ_i8zXytWSly3Ttvg,1,71.0,0.0,0.0,0.014084507042253521,0.0,0.0,sparse
oj_ron5ljul-wJ47Fx4F_A,4WdDY97x4GdMYtyk1KQMnw,1,41.0,0.0,0.0,0.024390243902439025,0.0,0.0,one_area
on7SZ1bo46GKbaVqLIAWhQ,1LEkH6fV3Oa-4xYShrPE0g,0,,0.0,0.0,0.0,0.0,0.0,explorer
onT-YWW_Ytq3HXgeoKuHIw,ye_NPsD6rRX84zm1SkAO2A,1,85.0,0.0,0.0,0.011764705882352941,0.0,0.0,explorer
onnQ57YN5i_WDKxY9d1OCg,NHb6QTrJOnyIj-Zd0fYzFg,0,,0.0,0.0,0.0,0.0,0.0,sparse
oo-DaKZoUG7tTpq3EAbuzA,6OC8ErU_m06KABnfSXTJEA,0,,0.0,0.0,0.0,0.0,0.0,sparse
orcq1sBl1HPVM8VbQ59RCg,4YoVUmkpUBNtdYa804Wzvg,0,,0.0,0.0,0.0,0.0,0.0,explorer
p4OnonTUHt4YkXa79fXifA,Fbtcj6j9-byxq68ACKpcUA,0,,0.0,0.0,0.0,0.0,0.0,sparse
p9ORGZoCat056HT35x1R8A,yPSejq3_erxo9zdVYTBnZA,0,,0.0,0.0,0.0,0.0,0.0,sparse
pAwMVKafxiZxu00y34-V8w,BLvL1pUrgpzt2bJHRQ5yvQ,0,,0.0,0.0,0.0,0.0,0.0,sparse
pCAL3IqliKEtiSl_4HPXwA,D5exYwjZKrFePWDXJoIcqw,0,,0.0,0.0,0.0,0.0,0.0,sparse
pKCdpxqKFJOPZ1JkPBN2ew,S8ZFYEgMejpChID8tzKo9A,0,,0.0,0.0,0.0,0.0,0.0,explorer
pOAOkXP-_TEOj6v0Z0BBew,fr6srIcT6WGXA1_xC_J0Ww,0,,0.0,0.0,0.0,0.0,0.0,one_area
pR2FWxF0_Dw6DLE-gjW3FA,EdHIVOZdKEnSWfMH4m8VuA,0,,0.0,0.0,0.0,0.0,0.0,sparse
pRd6Qn3_TEgI4sPGFl1FbA,M0r9lUn2gLFYgIwIfG8-bQ,1,23.0,0.0,0.0,0.043478260869565216,0.0,0.0,one_area
pSK1ElVEia-wxyuKcnmxDg,VwZ5NDbIu3elGQI6MzcXBA,0,,0.0,0.0,0.0,0.0,0.0,one_area
pXUL0u92Z7Ac8vtfJOCbNg,Zx7n8mdt8OzLRXVzolXNhQ,0,,0.0,0.0,0.0,0.0,0.0,sparse
pYekrYx-oSKYTYIxRu9VVg,c-IgS6Pk6vMyax7Rbr38eA,0,,0.0,0.0,0.0,0.0,0.0,sparse
pcJNeSRw8n1NpYNh6q62mg,EBuSqlpzzyfZZkEgPxVV1Q,0,,0.0,0.0,0.0,0.0,0.0,explorer
pe7debduqsuJQw--9Bxcug,dISs1oH_xeNAOOEcmJiGZQ,0,,0.0,0.0,0.0,0.0,0.0,explorer
pflNohq48AYRhoqOjNflnw,yecLfvB2rSvm0p_vkEkDsA,0,,0.0,0.0,0.0,0.0,0.0,sparse
pj6rNuouch7dyYGNUOAjsw,snV6gaFbAv77wApb8kUJDw,0,,0.0,0.0,0.0,0.0,0.0,one_area
pkusnYeNq2MDQpqzYeyoWg,MimnFQ7FLucbrYyV-1YzyQ,0,,0.0,0.0,0.0,0.0,0.0,one_area
plzuk7UVzn-AKU3rsrqZow,LQRXcBw2b2licjzJh1GG5w,0,,0.0,0.0,0.0,0.0,0.0,two_area
pqxT5IAGPsK4Ko0FZA_5ow,z3jfgtlDBww3jTPLosPeew,0,,0.0,0.0,0.0,0.0,0.0,explorer
ptRf4Yc9O-0IqjxqtIiU5Q,ctC-HU2Jbv04I42ykXFjLA,0,,0.0,0.0,0.0,0.0,0.0,sparse
ptUShK8U2OvL05BSaw8lRg,TlvnDLrM4p2udHfeUwL82A,0,,0.0,0.0,0.0,0.0,0.0,sparse
pvi_baolWn7mrtcb9rWAEw,9-LuuJOvBCwjy9w06NcEww,0,,0.0,0.0,0.0,0.0,0.0,one_area
pxYlcqi1lGOlG31kIcHE0g,65_MIvrauhGs_jssN4-uUQ,0,,0.0,0.0,0.0,0.0,0.0,sparse
q-C1QnpNji4stdxqtkUr8A,Mqtq4OXg8fnBVYxsxbDOug,0,,0.0,0.0,0.0,0.0,0.0,two_area
q-vIVTIAcBQ8lkglLERlww,eoN0GAIRV0WmwUm7FmzKgQ,0,,0.0,0.0,0.0,0.0,0.0,one_area
q2fj9pVg08cz28l9uOFh_Q,HqmZoAaakehNqnb5mtwcow,0,,0.0,0.0,0.0,0.0,0.0,explorer
qBTNxb_R9qstclpte6_6UQ,0RuvlgTnKFbX3IK0ZOOocA,1,19.0,0.0,1.0,0.05263157894736842,0.0,0.23137821315975915,sparse
qJ7XTi3J9-lUE2b-I63ZlA,5R6YO6K9PkthkTbXqV9slQ,0,,0.0,0.0,0.0,0.0,0.0,one_area
qJeMQLpxExtkkuJcTtjulw,ktMvtPI3TBkTOpSf1sTXWw,0,,0.0,0.0,0.0,0.0,0.0,one_area
qJvmZzLTIC417knT4SXCOA,KAbz_9aD7I9lSHurmWxTVw,0,,0.0,0.0,0.0,0.0,0.0,sparse
qP8PrF1TTmG0rBFApo-JKg,RriEN-KB0IceP7lHFiiW8A,0,,0.0,0.0,0.0,0.0,0.0,sparse
qQ_FzZU1s18IilbQkhSS1g,gbMKr0Om2E1oE5f4z0mQgg,0,,0.0,0.0,0.0,0.0,0.0,sparse
qSuKs9wHgtWVO6C3kvAlvg,fT3ZFRy6oyE8YJKujENAxg,0,,0.0,0.0,0.0,0.0,0.0,sparse
qTMK2qr6ngof4fe29qyooA,cL8PbQ_k1pke_IQEjNEvGg,0,,0.0,0.0,0.0,0.0,0.0,explorer
qVI4IvpTEh47pWuWLRiXVg,gdEZfd6RFXYmmXX71RDvbA,0,,0.0,0.0,0.0,0.0,0.0,one_area
qVz7EgaL6qYgVKiApx8Nzw,w_B0phzyFXPmeiVlzQrq6A,0,,0.0,0.0,0.0,0.0,0.0,sparse
qXC3g4MHQDYuq9gyrPzI-w,jqGTjz0qPDQLLjsbqpfuDg,0,,0.0,0.0,0.0,0.0,0.0,two_area
qfcixZ4nNeFsbflsHD3Dfw,CHSBxTwdPoedce_wC9Z40A,0,,0.0,0.0,0.0,0.0,0.0,sparse
qgLwRvE6JkK_KnbuT5AKmA,UOL2aVQak_NxsE0DsWuv0A,0,,0.0,0.0,0.0,0.0,0.0,explorer
qh97098p3nkRDlUDzzWvQA,wjZwXKDiFBQXlO8-TjQTXA,0,,0.0,0.0,0.0,0.0,0.0,sparse
qhTa_gzOMAlVuIr1kvQNKg,sXaiyPC1fT6ESl-6t7eSXg,0,,0.0,0.0,0.0,0.0,0.0,sparse
qj4eSnrR0aZUK2OPT-qYvA,y7pKM3eFDZ9eRchC6SNMsA,1,39.0,0.0,0.0,0.02564102564102564,0.0,0.0,one_area
qjL7NhDOlly9Yj5JSRdnHA,-H5v2-mADBj8_n2yeACjLA,0,,0.0,0.0,0.0,0.0,0.0,sparse
qkyDoOJ4h6pmbWWdbdPMrA,3EJr6A23wLRPlekclGwHlA,0,,0.0,0.0,0.0,0.0,0.0,sparse
ql8cjUqJEn7aUb26Gq49bg,plYv1QpBDnLJ8cOtvZvmfA,1,73.0,0.0,0.0,0.0136986301369863,0.0,0.0,explorer
qnIc4_kv45nUauKUUpqiKA,gCZG-Ysy7YkyLt47QBvaig,0,,0.0,0.0,0.0,0.0,0.0,sparse
qrI4af6hudXSpHF7iigeFA,ohWH383r60AREWh-aphpSw,0,,0.0,0.0,0.0,0.0,0.0,sparse
qsk5uijH1djK0ZmD0pqnKA,qltayRFPZ1GiSMeUkeF3Dw,0,,0.0,0.0,0.0,0.0,0.0,explorer
qsuRj329ek3rCSu6f_FEiA,hjbWZ7ITHL_1Xr7IAwyoxQ,0,,0.0,0.0,0.0,0.0,0.0,one_area
quFH0cGNItZpGGU9FS_Q_A,VKaxKK37-XMIbBYfq9PhIg,0,,0.0,0.0,0.0,0.0,0.0,sparse
qv1U7csVU1L5T0zP2Ot03Q,08zAKV1Sp-TIC_YVwBcBNw,0,,0.0,0.0,0.0,0.0,0.0,sparse
qwd4cN5LrkUbjzyMv9slKA,hUX1yAimviBIhb21D_KtcQ,0,,0.0,0.0,0.0,0.0,0.0,sparse
qznoPwnKEa6MNnVj7C_U6g,nHuB7fg6XbH9v1aLnlf0Zg,0,,0.0,0.0,0.0,0.0,0.0,sparse
r3ov7FgibBx41_W74I1KiA,d3OyW6UXr3_wgyTBZ6A0xQ,0,,0.0,0.0,0.0,0.0,0.0,explorer
r8NjQpTwjbNpw4n_mz49DQ,5bMJAHlV14oMVFIZOibd3w,0,,0.0,0.0,0.0,0.0,0.0,sparse
rDy5a0ZIYxVuShBzX96jYQ,UExn59qgCsdJwuPjLzT7ow,0,,0.0,0.0,0.0,0.0,0.0,explorer
rGwM0TgJ5S67DRkRMi99Fw,XTsOJ_eDzUYJ7jOTzAUiAA,0,,0.0,0.0,0.0,0.0,0.0,sparse
rMYuU_UQejQ4PBNW93gUWg,swUT7AsP776D0XEBQrSznA,0,,0.0,0.0,0.0,0.0,0.0,sparse
rNm9bItfqHT4Y2_tXsjL2Q,gStE2HvLsMrjY3H-elrGwA,0,,0.0,0.0,0.0,0.0,0.0,one_area
rPXZ7akmqKq_a_oDEmi_Ig,h-EsSqXjqA6Jy7Oc7nb5jw,0,,0.0,0.0,0.0,0.0,0.0,explorer
rQrlI-TFTkHL3Yv2rv5a6g,05UGAUzE88mcPxQ7WnCxQA,0,,0.0,0.0,0.0,0.0,0.0,explorer
rR14mlsyG31rZ5oedSEtuw,xscLgjsXy6ufgVF1zWfBxA,0,,0.0,0.0,0.0,0.0,0.0,one_area
rRz7xuwKn-W-eWfMnZcR-A,Ov8-eg1-2S9a1PpuYRVLTQ,0,,0.0,0.0,0.0,0.0,0.0,sparse
rTRqf7-Jl7nsvbbtNAJFQg,0ZsqqzHu1HHkDdIKoivi5g,0,,0.0,0.0,0.0,0.0,0.0,sparse
rae3XnBTKX6ANvWZ6i8Y4A,nHcRlP6hjBSk6y_78677TQ,0,,0.0,0.0,0.0,0.0,0.0,explorer
rdyPCaD80cgRx7rPzNTRuQ,FlhLKsuV-QuLBzn1XFLvaA,0,,0.0,0.0,0.0,0.0,0.0,sparse
rfxRV2phA3s2YHD7tkS1MQ,W4ZEKkva9HpAdZG88juwyQ,0,,0.0,0.0,0.0,0.0,0.0,sparse
rk1OhWsJ_bYVfQrLkI93XQ,kCV9CwW28Uz1ln4IXGhGwg,0,,0.0,0.0,0.0,0.0,0.0,sparse
rkDzcDOT-ijLVzp8Bq5qUA,PpALTR8zI6lOsYu6bL8RDQ,0,,0.0,0.0,0.0,0.0,0.0,sparse
rnki7PLVT7oIuYH6U0XpAQ,Xv5QKR3DMOhIS4V187yj2Q,0,,0.0,0.0,0.0,0.0,0.0,sparse
rtGnlR02bjJXp0cg-RzR6w,ErvTvPF3vtLYsEqXqr0nUw,0,,0.0,0.0,0.0,0.0,0.0,explorer
rwKrcSbr5yn_Wwpi23rNvw,RwhL_dmfxwrDIBUiiz5hjg,0,,0.0,0.0,0.0,0.0,0.0,two_area
s-IamAe1Ix6aZvbrQe9Lkg,7SsVhkUIiDxZSsXR8XiIEQ,0,,0.0,0.0,0.0,0.0,0.0,explorer
s057_BvOfnKNvQquJf7VNg,OfHs6WEfuRfrSxTFZPIscQ,0,,0.0,0.0,0.0,0.0,0.0,one_area
s3IJ26fV1bLk1K0xBiwp9w,k2YJkdLg25xlYjshpeEtkQ,0,,0.0,0.0,0.0,0.0,0.0,sparse
sA966-_1mkAldIEKf2tt4g,ZpgVL2z1kgRi954c9m9INw,0,,0.0,0.0,0.0,0.0,0.0,sparse
sAw0nfFSLIhn1AJi1e2oUQ,_9Z3cuZQBOGv_XzSG4ewHA,0,,0.0,0.0,0.0,0.0,0.0,explorer
sFGDoz_4F_xswZIqBkKcmw,g2tZiRNl9Yyo1KWPkvrx7w,0,,0.0,0.0,0.0,0.0,0.0,sparse
sKqLFcg3gGfvQrlGegl-Qg,-B6XL-ZWsVHlAQyYcd3eEg,0,,0.0,0.0,0.0,0.0,0.0,explorer
sOGVdjTzOMNMlVs1RWmjcA,6pVVwtFmd7VBsgyFPHvU_w,0,,0.0,0.0,0.0,0.0,0.0,explorer
sPOo1ONS1-4EVv9bfIGq9A,6fvE5PQQ8mldsMDU8IsQSQ,0,,0.0,0.0,0.0,0.0,0.0,sparse
sUxQgDzUDwD4Sh9Vo-L-ZQ,ocjotK9u5F3E4CVXD_iNPw,1,25.0,0.0,0.0,0.04,0.0,0.0,explorer
sVt0D9h2qTozyfifDre2Sw,W3gP7qMcwHUpz_hz69L5vQ,0,,0.0,0.0,0.0,0.0,0.0,one_area
seQwVtztnrIdVMtOutC4LA,Cs0adaMTxJWTDSzuQ3vheg,0,,0.0,0.0,0.0,0.0,0.0,sparse
skfq3_3CMZhQGVB4bOpcjA,sTPueJEwcRDj7ZJmG7okYA,1,35.0,0.0,0.0,0.02857142857142857,0.0,0.0,sparse
ss8VEYHv_Ram2iGQ8ucxug,1LUZupYFJ6CxSKU37qDSXw,0,,0.0,0.0,0.0,0.0,0.0,two_area
sy7tdUjMzbCMdB1kFMyHJg,Yv9KUZ-N3otoKUtToPPxAg,0,,0.0,0.0,0.0,0.0,0.0,one_area
syAUVETWFLn0eXkE4bVvRg,LWlYV_Mruu8YyO8y95hs_A,0,,0.0,0.0,0.0,0.0,0.0,one_area
sz-6iY15Ukhcgc4CFJJ3xg,0ZcYZNGb85gscHglo04qSA,0,,0.0,0.0,0.0,0.0,0.0,explorer
t-cWCcy1T6gv_JuL8Lsksw,7BedZ4I6K8lNZca0WAb5JA,0,,0.0,0.0,0.0,0.0,0.0,one_area
t50FJnRwDezmTfOhFFPbbA,WZUIlyefoUhuH_VkVCEyAw,0,,0.0,0.0,0.0,0.0,0.0,explorer
t54WpcV6gQWRZfK_7L20uQ,fIpfYtJrARdR2zaNVgftZQ,0,,0.0,0.0,0.0,0.0,0.0,sparse
tCim-JokIwYtR6z5eAaroA,Cx3G-kw4kYtlcig8yG7fWw,0,,0.0,0.0,0.0,0.0,0.0,two_area
tDALsTjmosc6ELEhrRHPEA,c1DB8BU8M3oDRTHr3KgaQA,0,,0.0,0.0,0.0,0.0,0.0,sparse
tIlTwpzG6crqT44PP0d0WQ,gxTeWM7MLX2vF2vJDGhz9A,0,,0.0,0.0,0.0,0.0,0.0,explorer
tKgqP5QgDVoG0qCkFolx0w,2IlpNSW0oHFyedaWCt5eJg,0,,0.0,0.0,0.0,0.0,0.0,sparse
tOxT1uyebPZbBuQmt51xcw,RFYlmTjgwhOsm7qJwW1G9w,0,,0.0,0.0,0.0,0.0,0.0,sparse
tT8AaOFl6oAv8gCIt_yVqg,tXf6TpqHOLiwyMNbYAOOCQ,0,,0.0,0.0,0.0,0.0,0.0,sparse
tWr6wxuU9Ow4r_SIqQU0uw,uxymbkaSGa49ngBqUOXsVA,0,,0.0,0.0,0.0,0.0,0.0,sparse
tgEiQBZtBoGgj4cXtj-eUw,gdFcsJ5swnsyuFTzBRofkA,0,,0.0,0.0,0.0,0.0,0.0,one_area
tjAOK9sO3SlvzSF-UYn5xA,63_ijW0J_PtizFXsuAJQcQ,0,,0.0,0.0,0.0,0.0,0.0,explorer
tlxpbxBH8tNdM5bUmt4iww,OCzo8T-76iJ_QVB2UX5SEQ,0,,0.0,0.0,0.0,0.0,0.0,explorer
tr7MN0awianpN5wKBtRgAg,dQUZyX2QDWuqi_-y-cEjMw,0,,0.0,0.0,0.0,0.0,0.0,sparse
ttXX_uQkwH0bMISF4IP3Rg,2OXCAbz3x_MrQSYj1zarIA,0,,0.0,0.0,0.0,0.0,0.0,sparse
tvaJ_Z72YAIW8AwFCqnM-A,XSuO2E30ArnrjH9jquaK5Q,0,,0.0,0.0,0.0,0.0,0.0,sparse
u4Jt1on97OGn3-_AfmCuaw,GaqcV1K44cTmrtOGYBmrpw,0,,0.0,0.0,0.0,0.0,0.0,two_area
u7f8qsRYHCwWGUomm659SA,-ATiAtTikuGuqvaW2O6tNA,0,,0.0,0.0,0.0,0.0,0.0,one_area
u8jHy4P5WhqVwNBFvfeo3Q,chZ3916Kd4BzSIF5f1pXBw,1,31.0,0.0,0.0,0.03225806451612903,0.0,0.0,two_area
uDraUZMGBf2GYE_Z-6Ue9Q,mM5DfVdUousezxGCi7HVhg,0,,0.0,0.0,0.0,0.0,0.0,sparse
uFdtg4mjDrhGc2zq7u8fjA,ytynqOUb3hjKeJfRj5Tshw,1,1.0,1.0,1.0,1.0,1.0,1.0,sparse
uMvlh5oocS-D9afL9SyMLA,BHnCAV4_hgqgNZGdfXNJkA,0,,0.0,0.0,0.0,0.0,0.0,sparse
uPvyXXs3XWY7iYk9Sqy-wQ,0nlGy4Q5La_hWomqRIskxw,0,,0.0,0.0,0.0,0.0,0.0,sparse
uSVd8L6hqe5N6k5W5nD3Qw,JWqbjm0wtbbciu_Gb6Eqyw,0,,0.0,0.0,0.0,0.0,0.0,sparse
u_TkXMtQ-xOZeC569ISBLw,NB5XTBuLVCn7c9Lu5SUqKg,0,,0.0,0.0,0.0,0.0,0.0,sparse
uaGusfCX2BCNb9aXeW43TA,XsSj_yn4d_EXxBvcwf87dA,0,,0.0,0.0,0.0,0.0,0.0,sparse
ubDcRO1LhtpTXeeI9r08wA,sy7ADvpBA7SfHwbY-Y_5gw,0,,0.0,0.0,0.0,0.0,0.0,sparse
ud_FXCdYEBzEmN-StimrhA,KrKQChZ1hwHHVaUK9Zc-Ag,0,,0.0,0.0,0.0,0.0,0.0,one_area
ugk0g6vyv2XavpoTaJSy6A,NB9wGhMqy27suWqNzk3laA,0,,0.0,0.0,0.0,0.0,0.0,sparse
uqBfXS2d5nMAW1oKB6uHnA,vWjME92WddneF98IqzaNfQ,1,59.0,0.0,0.0,0.01694915254237288,0.0,0.0,sparse
uuj_1xYQDVcqUCskx9uMbw,p_qSQwShIgQnNxGcajI4-w,0,,0.0,0.0,0.0,0.0,0.0,explorer
uzJz5yrEKWIhKzcR3uIlsA,YSgcojsb2kWHXNLWaGCuBA,0,,0.0,0.0,0.0,0.0,0.0,explorer
v0ybVZuZn1oz8FxrLIjPOg,E_F96bse9PeANBz-dR5EHA,0,,0.0,0.0,0.0,0.0,0.0,one_area
v2uq7UUFJqaRSQNcd5K-xw,YVxHLvmPzTKvwg0xlNBb1w,0,,0.0,0.0,0.0,0.0,0.0,one_area
v6m5JohOSluoiQ4eqIEVxg,2CDI713ATuxHfnB5b-sBdw,0,,0.0,0.0,0.0,0.0,0.0,sparse
v8BQSU_iU9DShiGI5T00_Q,jY_GGp2-_8t7dxxXaqGhmw,0,,0.0,0.0,0.0,0.0,0.0,sparse
vDNrQU7yYNgkXfSwQCb8uA,4OXWn2ytzaq4eTpJy4VvJA,0,,0.0,0.0,0.0,0.0,0.0,two_area
vGHWoT-knZ5kNDDRaZS2lw,fCDMLD21ypv1XZ_EyafCkQ,0,,0.0,0.0,0.0,0.0,0.0,sparse
vIEAF_7LV8oQ6MJn0Q1lFA,cp7sxmJlkObOPgO8PbgXKw,0,,0.0,0.0,0.0,0.0,0.0,sparse
vJ9d8w9Sj8lrJw8d-K1olQ,lEOxwatxwXaCi8lPUTFKRQ,0,,0.0,0.0,0.0,0.0,0.0,one_area
vM14ysC_qD69WI0HwoBMuA,Ps8KgiyJhPqhkjWBklPimg,0,,0.0,0.0,0.0,0.0,0.0,one_area
vQAa8zdp3NSEKgCotEobbw,2uFcjosOQo295aK5xgXLsg,0,,0.0,0.0,0.0,0.0,0.0,explorer
vQHh2F5wXHx0CiT4sPt74A,RqqCs9epqlZYAWEMXXuWtA,0,,0.0,0.0,0.0,0.0,0.0,sparse
vTHOhd8DXvZT4eHndd591g,q2cgYLHKRaujrQgSnqJPTA,0,,0.0,0.0,0.0,0.0,0.0,explorer
vVXGnFehkEoL5sNoqK4CUA,lqF0Q5vVLxY-_Cth6LtEdg,0,,0.0,0.0,0.0,0.0,0.0,explorer
vZsH7VYNIa42wo4-f1svEQ,VCeHJ1tRUVi7Vn6nPMtGFA,1,7.0,1.0,1.0,0.14285714285714285,0.3333333333333333,0.3333333333333333,explorer
v_nzP2R1_wAyOw48D9ToWg,FyPqFGQXuX7Jkrjm6LoC0Q,0,,0.0,0.0,0.0,0.0,0.0,sparse
vaxt3aJ9U5WdgEo1PNgn_g,HzUJO2v5lUEIeYoOYsdWbw,0,,0.0,0.0,0.0,0.0,0.0,sparse
vcgEvc7YJsskN5exSG6ewA,5PLTCfyndcWM44-yQH-YRg,0,,0.0,0.0,0.0,0.0,0.0,sparse
vh_c8-LWkDDmZRg8KaC-xA,iSRTaT9WngzB8JJ2YKJUig,1,16.0,0.0,1.0,0.0625,0.0,0.24465054211822604,sparse
vrYuT-SgcZ67WIyZsWhbWg,ztnYPn2w0R4lEJL266apzg,0,,0.0,0.0,0.0,0.0,0.0,sparse
vxeB-x3pLi6xWnDnQUaCMg,MxbdVt4x3F1OCZA93PKdiw,0,,0.0,0.0,0.0,0.0,0.0,sparse
w6tpXm0c3iIF872A-u_GAw,MXTtsE0pund0SVzvYWUFTQ,1,42.0,0.0,0.0,0.023809523809523808,0.0,0.0,one_area
wD_ajXsHopqvjxbQSHnGjA,Ipkx4Sa7ybn8C6LtTqTztw,0,,0.0,0.0,0.0,0.0,0.0,sparse
wEeSmYi2OsqhGTKH8EX7fg,-mq1DwgcLU96PQbmcv3jRQ,0,,0.0,0.0,0.0,0.0,0.0,sparse
wEua7xjmvvMCrrYJeoN-Xg,01TorM6wcQZUZ19BOC--8g,0,,0.0,0.0,0.0,0.0,0.0,sparse
wI2YTLDtbj9wkVQBiM8DEQ,OdIBX09glfXNVSyd0RnIeg,0,,0.0,0.0,0.0,0.0,0.0,sparse
wLRNQ5_xM9E_Am5lh9jASQ,0t14RIHl4wODz7LRiRRQ0Q,1,82.0,0.0,0.0,0.012195121951219513,0.0,0.0,one_area
wLbQ_22n5_F409Rc61IGiQ,42tur3_5JgqOU-5KoY-zHQ,0,,0.0,0.0,0.0,0.0,0.0,sparse
wN7aftG7QsS8xktkaZ74nw,DZYSb9amfB3EAh1IdwtbEA,0,,0.0,0.0,0.0,0.0,0.0,sparse
wTdEJv1VYUdlZ0_fS_vT5A,dju1isgEvDd74tLTDkk5DA,0,,0.0,0.0,0.0,0.0,0.0,two_area
wW8_92GRWJScXy96GDNpmQ,jSYu2apG1uYq3eNzSA-OHw,0,,0.0,0.0,0.0,0.0,0.0,sparse
wY-pfw3kF5_fWRSHpRZzXQ,0d1dpaZqcm7litFOJl7atA,0,,0.0,0.0,0.0,0.0,0.0,sparse
wdgq_LkASF6ggKJSaLUNIA,uwS5MEiaIGc5GPc0nMk7rg,0,,0.0,0.0,0.0,0.0,0.0,sparse
wdyd3EkJtkTzH3sM0JmV2g,lWPQeVAZInbNntRu6eFkbg,0,,0.0,0.0,0.0,0.0,0.0,one_area
wggO14a49phj5eGA_KFJ5w,8NyDM-FDoWEEeEG9XUwnbg,0,,0.0,0.0,0.0,0.0,0.0,sparse
wk5KGCCry6mTVtJUJoSaqA,tsx84z4c0B-y6J5fqfvBqg,1,71.0,0.0,0.0,0.014084507042253521,0.0,0.0,one_area
wm5g3HlFd4U91iYcqXGM2A,kPK3_DVC3oANl9m2a02m_A,0,,0.0,0.0,0.0,0.0,0.0,sparse
wrcVzGPGIOL2Z3Kxmg9fwg,WXgV2lOUgas7DzTLeDau-w,0,,0.0,0.0,0.0,0.0,0.0,sparse
wtMYSKrt3yE2r-TNp_6spA,eOgIV1HZNbMmogTsSNZdUA,0,,0.0,0.0,0.0,0.0,0.0,one_area
wuVdyjawx8yVotASEQPn6w,tWFRO1kaw3wghhzFb6D-hA,0,,0.0,0.0,0.0,0.0,0.0,one_area
wyq_nDwEKwa0bEsN2oT_hQ,QhgrhVKlXZtSY6gRThf8zA,0,,0.0,0.0,0.0,0.0,0.0,sparse
x0SrRrrCqQnQQlHo58SA3A,SPEXSaryxJmVpy8QoRz7Tg,0,,0.0,0.0,0.0,0.0,0.0,sparse
xAOQlKAe8a_FfaDepK0kMw,JpAjXYIqFQJyibItoZ_hOg,0,,0.0,0.0,0.0,0.0,0.0,explorer
xBtMG7PnChQpnpQR6O8zNQ,iCfB58Cvb_rw_SDAgPXLfA,1,38.0,0.0,0.0,0.02631578947368421,0.0,0.0,one_area
xCGRIro1UK646WZmRROHLg,nqePY399khxYpBBpNjA_zw,0,,0.0,0.0,0.0,0.0,0.0,explorer
xCeBWM3AJrUfq6YCo3U-Vw,2ZSnGlqj8JOWcN2bNf-3SQ,0,,0.0,0.0,0.0,0.0,0.0,one_area
xEU5fkcMNfF3yXzj7jD7jA,tV46IhCfHbsx_af-pMupiw,0,,0.0,0.0,0.0,0.0,0.0,sparse
xHf19ZkzGRWRd4JcIQ0mig,_FRC6kmF_6-5cPwYOv5dZg,1,20.0,0.0,1.0,0.05,0.0,0.227670248696953,explorer
xK10fav5yVNepAidSjl2Lg,QHWYlmVbLC3K6eglWoHVvA,0,,0.0,0.0,0.0,0.0,0.0,explorer
xKD6xH0ga9KsMXDIwz2MCw,DOl21AqtT74dUZ3kvXNNcA,0,,0.0,0.0,0.0,0.0,0.0,explorer
xQ1tKIQZPEuIr33V_YXWyw,lVirNKheM7Ps8eVRt0IyOg,0,,0.0,0.0,0.0,0.0,0.0,explorer
xR8FqS8xH9SD2W9d67Zawg,ZLhu-sAejh5yGd8aV9zcGQ,0,,0.0,0.0,0.0,0.0,0.0,sparse
xVL65My7jYzFTYrG4WLOWw,XuQ5ekbJ9eRUX06JTqJHaQ,0,,0.0,0.0,0.0,0.0,0.0,sparse
xYzAQ7TLBEotU2tzWy1n4g,w_4xUt-1AyY2ZwKtnjW0Xg,0,,0.0,0.0,0.0,0.0,0.0,sparse
xZx17dwUwHQmXCXEV4HDEA,cGX-1IUwXOjkUqZbkKYcjw,0,,0.0,0.0,0.0,0.0,0.0,explorer
x_ARxnT3Jeci4H3g99qgPA,goLiPufDz2dSrV-8w-Ma3w,0,,0.0,0.0,0.0,0.0,0.0,sparse
xkrT76DZlPLGW5NfiWzxkg,mYYy0lS2TkzhPtLNP-Fbgg,0,,0.0,0.0,0.0,0.0,0.0,sparse
xmy3Tfla9k58FW4H1-5-2w,qY-BUQY-SFBaSrFHowF3nA,0,,0.0,0.0,0.0,0.0,0.0,sparse
xn45v0BaWqKJlom0CDiVQg,WtH2z1TlxLgh5mZrGQnkuw,0,,0.0,0.0,0.0,0.0,0.0,sparse
xp9ARKy_Jm34TrlG3z3UdA,cQDwJjslebJv5Co7gCm2Yw,0,,0.0,0.0,0.0,0.0,0.0,one_area
y-vE9nQyauGck-wlM5R1PA,0WrdiQ4qJBu2Gc7wRcIfdw,0,,0.0,0.0,0.0,0.0,0.0,sparse
y1lzOjoBhDulOPc7v-xCOQ,TjAsf2vHEYh_mCHpQqGgDA,0,,0.0,0.0,0.0,0.0,0.0,explorer
y3_iyuUmSnAvsoFBgh7jKQ,4ZNCc1GzJZkS7XI1c9rCMA,0,,0.0,0.0,0.0,0.0,0.0,sparse
y41eTjSb9kbQsA5V6bAEUQ,-kHHi8y4kaTI6WUVdJSdvQ,0,,0.0,0.0,0.0,0.0,0.0,sparse
y750_nHP1Lgu9rvAtZdnsw,jYFMSF-AyKrvLPWMW6l5JQ,0,,0.0,0.0,0.0,0.0,0.0,one_area
y9dZmWasGZ0dUFakw1mnzg,8jXmNMrGJ2acUG1R-D5e6w,0,,0.0,0.0,0.0,0.0,0.0,sparse
yAzWY3vyTdmLjK1blLfHiA,cmdRgN41FdHv5o4426qTWw,0,,0.0,0.0,0.0,0.0,0.0,sparse
yCnKZncv0TFF4OiIEYx5pg,gC62IRqhvFg3-WWAtTZ_pw,0,,0.0,0.0,0.0,0.0,0.0,sparse
yI3nFKpz_hZMhiVh6UbXfg,HS5CfzQ_gOJHgqwtv9rvNQ,0,,0.0,0.0,0.0,0.0,0.0,explorer
yTHstv3r9lhwpsqnHyh6zg,xe2L_RvBNgkrVburQrfW_Q,0,,0.0,0.0,0.0,0.0,0.0,sparse
yXhsuwDpKVD2vPdT3H5qow,S8ZFYEgMejpChID8tzKo9A,1,59.0,0.0,0.0,0.01694915254237288,0.0,0.0,two_area
yZ7hQ1ecvmBJRGjVVTPHhw,9QHxpGxshyJXh3JnE2VHIg,0,,0.0,0.0,0.0,0.0,0.0,one_area
yZcwTVKnu4bsvPNnkGkbWg,YtSqYv1Q_pOltsVPSx54SA,0,,0.0,0.0,0.0,0.0,0.0,sparse
yaDSKPoiZe13cCZtAU15vA,-gFkkYh0tqQcgZh3z0yyYw,0,,0.0,0.0,0.0,0.0,0.0,one_area
yeV0fb77bIPg2ImuNuDKmA,8VOAQKQkYJsKrkFfCXkP_g,1,36.0,0.0,0.0,0.027777777777777776,0.0,0.0,explorer
yi8MUcO3O6ALXErrFuj2_A,S26FJcC298XNpN2cZiwOrA,0,,0.0,0.0,0.0,0.0,0.0,explorer
yiu7X_J6RFh8-7Dn-pKPkg,ILvJAuSP0sYWJKAQ-Goh4Q,0,,0.0,0.0,0.0,0.0,0.0,one_area
yoG0aATEmo3Eq0sxUlDpBQ,0CHIbqSkGWBr2KMkIUocEA,0,,0.0,0.0,0.0,0.0,0.0,sparse
ytTcyNugEE9N3xRaUeQtWg,Q4PsKtbnsRlccjs2C-oMng,0,,0.0,0.0,0.0,0.0,0.0,sparse
yzaPaf8QIMuDtj6nkEyeuw,l-DOGqOrOKGJABmvmDM2mA,0,,0.0,0.0,0.0,0.0,0.0,two_area
z9h4AXLMP29mytkzDXIYOw,KhBUg5QhBYuK8RZAe5gDMQ,0,,0.0,0.0,0.0,0.0,0.0,explorer
z9mQ_Bh98tfsp3ISA83zwA,l5bVgJf-VEmZLsu9L994bQ,0,,0.0,0.0,0.0,0.0,0.0,one_area
zAF--quEXsxrIDceOAAAzA,Bxmhm659VqrQYHc0hiku5w,0,,0.0,0.0,0.0,0.0,0.0,sparse
zAHE7e-CDCVJo2TSYlxSXQ,0OsR9lO16jxa0xWUY57s9g,0,,0.0,0.0,0.0,0.0,0.0,sparse
zAv3O_apoDvS9tbGWv3DlA,3ucn3_cDf1WV0DsFgoTfyQ,0,,0.0,0.0,0.0,0.0,0.0,explorer
zBAqRls7-ODf8JC9KEPrvQ,fGmp75ZEEPx6cvwGHMxL7w,0,,0.0,0.0,0.0,0.0,0.0,one_area
zBsAh1NiDw9lPfYMRFZgVA,8HR76l0U1GTNC3MtgMASnA,0,,0.0,0.0,0.0,0.0,0.0,sparse
zGCkAfV6LxGgdsBVJGhq2Q,t0Qyogb4x--K9i5b0AoDCg,0,,0.0,0.0,0.0,0.0,0.0,sparse
zL_pWFM3lkVkWjAydk2oxA,0oSSjekU-3GR8gselReWnA,0,,0.0,0.0,0.0,0.0,0.0,sparse
zM6JbV30m_wMspAlzXafog,iwmW2mgcn2YdirXUHCsgXQ,0,,0.0,0.0,0.0,0.0,0.0,sparse
zV0ujEgvsCGoPsTwuur8cg,xxx_0Ol7lbK0hVzv7x0-Yg,1,65.0,0.0,0.0,0.015384615384615385,0.0,0.0,one_area
zXLtePKW9Gv07avI3ST93w,GNo1zeiPKErB7Ww_j3IlOg,0,,0.0,0.0,0.0,0.0,0.0,explorer
zYikFTtJpwPUSHkIweunHQ,5R3-eCIk4dRBtXo0A5MAzQ,0,,0.0,0.0,0.0,0.0,0.0,one_area
zZrb6PhlsLD3L5WcZ-c0Tg,xcqMot-yz8qMeb31cBL9fQ,0,,0.0,0.0,0.0,0.0,0.0,one_area
z_j5j0IwcjwlzBxHrcTQAw,VPEZwyog5oF82gzd9qfcOA,0,,0.0,0.0,0.0,0.0,0.0,sparse
za-mhBnShYZ7FDhuE1k0Ew,p5rXRkSJtAKcWd4GY71avQ,0,,0.0,0.0,0.0,0.0,0.0,sparse
zburgin1HAiVGMRYtOQB1g,E7RtIisUoRMcADSebBgNAA,1,28.0,0.0,0.0,0.03571428571428571,0.0,0.0,two_area
zgxCCHJPYpdH-otHSwlsQA,onp9X_9RRAEzA-yqdiSOcA,0,,0.0,0.0,0.0,0.0,0.0,sparse
ziB_bQFM0Hdp8j4dkdHkyQ,3y61A28PQDZ4weeeTRfIlA,0,,0.0,0.0,0.0,0.0,0.0,explorer
zp0Cq6Nvd-GsAatehXwjKw,kgMEBZG6rjkGeFzPaIM4MQ,0,,0.0,0.0,0.0,0.0,0.0,sparse
zr9PstOo-1m5da1TdXxESA,D4PD-ZKV06keByyoouJzhg,0,,0.0,0.0,0.0,0.0,0.0,sparse
zrkXhlOzlVF1yUoN6xNR8w,I_3LMZ_1m2mzR0oLIOePIg,1,8.0,1.0,1.0,0.125,0.31546487678572877,0.31546487678572877,sparse
