user_id,mobility_label,n_candidates,radius_km,mode
-0MIp6WKJ8QvGnYZQ5ETyg,explorer,100,5.0,hub_aware
-1VbC_BSr9ai4drsuCCJxA,sparse,100,10.0,global_fallback
-6DoXmdXEy_P5N-QZzntgA,explorer,100,5.0,hub_aware
-6cPEM5jtb6A2M6mggn47g,one_area,100,3.0,hub_aware
-8lbUNlXVSoXqaRRiHiSNg,two_area,100,3.5999999999999996,hub_aware
-DLVCiMg_uM0ihm8PcHWcw,sparse,100,10.0,global_fallback
-EYAh6B8abzsq8ld_XGoRw,sparse,100,10.0,global_fallback
-Hm4V0KMXftGms0O-uHZiw,sparse,100,10.0,global_fallback
-MiV-B9p4rO652My4HjYlA,sparse,100,10.0,global_fallback
-PR-NbnExaqupp8rJRHB8g,sparse,100,10.0,global_fallback
-Q-PQD7nZ1dhADQTYwlsOA,explorer,100,6.872491663154528,hub_aware
-QmEKJ_CzZnT9biZHddfZQ,one_area,100,3.585880333346022,hub_aware
-TQmf01XtBe5jOkHb84WPA,explorer,100,6.239304829559911,hub_aware
-YXBkT3IAz1tUNKLtmvx0A,explorer,100,5.0,hub_aware
-ZQK7CcOHeMwsoG7qKBGkA,explorer,100,5.0,hub_aware
-_yn1IOKetBJuPxfK6u8IA,one_area,100,5.3036819740960075,hub_aware
-a3lBj2ulBxrIwZf4zdMTA,sparse,100,10.0,global_fallback
-j1-ixhH0IhAlBXwdjpBug,sparse,100,10.0,global_fallback
-l0-k3ezghmIHCtCnrTdLA,one_area,100,6.145953250840179,hub_aware
-l1bn8D8iZ0n9Q0PgIDGBA,explorer,100,5.0,hub_aware
-mU1Bd61e_LQ38IKgd3i5Q,one_area,100,5.315341693318606,hub_aware
-pUJtDKDeYYBa7ZoyJFBMw,one_area,100,6.11267370282374,hub_aware
-psFb4sFsOm0oRLY2Kye0A,two_area,100,7.70433380076797,hub_aware
-vZrPZX54a1m-hqAKMTTWg,sparse,100,10.0,global_fallback
-yQw7ugqK6j81yQSpI0BJQ,sparse,100,10.0,global_fallback
0-VeqEryJUgtML9lSqvKMQ,sparse,100,10.0,global_fallback
01uDjmkqP32bTkCHuWIKBA,sparse,100,10.0,global_fallback
02hZ8ZzZ1wJHFE1_fPuOwA,sparse,100,10.0,global_fallback
07ZgihuH-9Ih5dyI9hxRvw,sparse,100,10.0,global_fallback
0JpB9eEFeKER7UfY8dhxQA,sparse,100,10.0,global_fallback
0NRrwhCDOv3jK2ZcKBnpQg,sparse,100,10.0,global_fallback
0P3MgBcGzj-LtQA3lQXghw,sparse,100,10.0,global_fallback
0QzRChUjM48JQarMb9t7ig,sparse,100,10.0,global_fallback
0SW6-0e8NXaLPyMiUMWlgw,one_area,100,7.364314629663048,hub_aware
0Tcj5uCoc6y1xRIw2sIUnQ,sparse,100,10.0,global_fallback
0W86OPpGSTzjo6nUuUNWQQ,explorer,50,8.132920330667122,hub_aware
0eAE3nci8RZRAjgg5mIEUQ,sparse,100,10.0,global_fallback
0fW-YQvz2iC113CRl9xOrQ,one_area,100,7.784665781944042,hub_aware
0juMoWXC7z4c7LgQP2s3sA,explorer,100,13.467824393142141,hub_aware
0lMv7mbe73ZqF3OvjrZkyQ,sparse,100,10.0,global_fallback
0oBj63QKATcyxa6PLAVgoA,sparse,100,10.0,global_fallback
0oCP58mpEC2myGlDaRqqIw,sparse,100,10.0,global_fallback
0rHReikDIqL2jZsQJTR5LA,sparse,100,10.0,global_fallback
1-oaItKi4vz-z2dF7S2oNw,explorer,100,7.293639636014637,hub_aware
10FMZoatpQvFO4_jXgVcdQ,one_area,100,3.0550537057348746,hub_aware
10Gvgz8QBwZmZigxPv6szw,one_area,61,3.0,hub_aware
12icG6GeSG6qWnHspF0tHQ,explorer,100,15.831803988075155,hub_aware
13PmeqpB9nUZNBYngvMj2g,sparse,100,10.0,global_fallback
15G6wy_y65sIwQkB1vwvXA,sparse,100,10.0,global_fallback
167omeb1w3nnsgG_XsNJYA,sparse,100,10.0,global_fallback
16c91F4TZSA_WjO4XmsBMg,one_area,100,3.0,hub_aware
1OsvnngVv7faatPCykZcjA,sparse,100,10.0,global_fallback
1PDpJNO1t-BsPZWM6zperQ,sparse,100,10.0,global_fallback
1PEpIGgb2dJO120MEfPbIg,two_area,100,3.5999999999999996,hub_aware
1Xx0GXRCFEPMc8GWVR-WRA,sparse,100,10.0,global_fallback
1ZLJs1J-eYuSL9V9cjClNA,sparse,100,10.0,global_fallback
1_ereNz73hcAbYill07O4g,sparse,100,10.0,global_fallback
1deDzlWUCW8JUhODGBbB5w,one_area,100,5.976476988736378,hub_aware
1ip4bTJgXwbNBSVsyS3E8A,sparse,100,10.0,global_fallback
1kCh5bef88kJuEROh_x0qg,sparse,100,10.0,global_fallback
1oyOCpBY-oFIfc_HQFSMvQ,sparse,100,10.0,global_fallback
1pCMgUubbT55bEi2_xw0gQ,sparse,100,10.0,global_fallback
1r-qp5xs_YDnWd9uASN2Zw,sparse,100,10.0,global_fallback
1s00HiDgj8kTyF4BWUAhRg,two_area,100,5.7370951388658735,hub_aware
1toLeDRKxW72eybEI_Lz2Q,explorer,100,5.0,hub_aware
2-iZ3lifB5gGWcpP6EgCCw,sparse,100,10.0,global_fallback
2DbgNul5tT2QSIZnS0V_RQ,sparse,100,10.0,global_fallback
2E2NzYDjIk7dL3TcOl1NxA,sparse,100,10.0,global_fallback
2FY3ETpGCbFPOOHmCGSXig,sparse,100,10.0,global_fallback
2Hdot8bpjmvtBLLZWXOPMQ,two_area,10,3.5999999999999996,hub_aware
2Ij6ZjcsarLIOWNfgmVKcw,one_area,100,3.3335504344189872,hub_aware
2JfNOO7Cv5eTVOTeIYKkaQ,one_area,100,7.191228422284365,hub_aware
2LINyz4Yl7aFlkInyL0KvA,one_area,32,3.0,hub_aware
2MZ7wSCTQtxEAYCvVueTag,one_area,100,5.770462758093829,hub_aware
2YhDjr0PcilkN_dcp16R6Q,sparse,100,10.0,global_fallback
2a-J1TbyFZKcAJ1Ap5MUrw,sparse,100,10.0,global_fallback
2a9uyq3zsX5RIxG_jtpM4Q,explorer,100,5.0,hub_aware
2aqjbuRVv5iyvJP8dUCWTw,sparse,100,10.0,global_fallback
2db7UH7qOD35M__0wZKt4w,explorer,100,5.0,hub_aware
2i89rpEFc6_dqhdWmXtMaQ,two_area,100,10.632082735907217,hub_aware
2lEyb6TyMTaB8IFV62sCAA,sparse,100,10.0,global_fallback
2nnCLoNSBITdQjXaBdLIdA,sparse,100,10.0,global_fallback
2pIVRpHric00N2HCHmKV9w,sparse,100,10.0,global_fallback
2tIN9jTDxEoF-gSRSnUkPw,sparse,100,10.0,global_fallback
2wvdpjLgbY4RvOoDrJ1tEA,sparse,100,10.0,global_fallback
30F5TB8825KDsfVrnQTKsw,explorer,100,5.0,hub_aware
328rVFXP8uJQjh8vy7HZ4Q,explorer,100,5.0,hub_aware
32EIO-AvcxA5WBTVZWdW1A,two_area,100,3.5999999999999996,hub_aware
3CSPAKNl9RqZm0I-ZN7IvQ,explorer,100,9.545966336452924,hub_aware
3Cj25SsNE1ZuaWX75Xr4rA,sparse,100,10.0,global_fallback
3DWDH5MJbfS1g_MXmNbf4w,explorer,100,6.041203522652882,hub_aware
3JcNV0lGNwk4eQzVT1rF8Q,one_area,100,3.0,hub_aware
3MjgnP15DVSFer9SFI3Bkw,sparse,100,10.0,global_fallback
3RqYAJfEJDxIpX3xjnCmLw,explorer,100,5.0,hub_aware
3Z04sdgq22PYtrNswSfz6g,explorer,100,5.0,hub_aware
3aDmSX1qvq49rqcJQlywnw,one_area,100,6.129893483591892,hub_aware
3bIbqh4KqGx4fRaccLjThA,one_area,100,12.764188116008157,hub_aware
3dOD4idb5GqLLsDsReaFeQ,sparse,100,10.0,global_fallback
3edsm9Faeg3JoPVC7AJ0HA,one_area,100,3.0,hub_aware
3fEC7SxwGoUH4yWny_x4og,one_area,94,3.0512185987421283,hub_aware
3jLOQJHkRk-qQARirCByYQ,sparse,100,10.0,global_fallback
3lx4zwjar1Tsdvd4HCo4jg,one_area,98,7.064222540298918,hub_aware
3uNaBdaSDghV4mWN1WWWCw,one_area,100,11.182805919251017,hub_aware
3yTBmOgMBYNmFXe1PNSssw,two_area,94,3.5999999999999996,hub_aware
41MkK8zdg__ryOQnzzuSlw,sparse,100,10.0,global_fallback
47TuxUy9UQkVivfoqqLAKQ,sparse,100,10.0,global_fallback
48E8klZrUJZw0BlNzXolNQ,sparse,100,10.0,global_fallback
4LEgzB8iCt-ELL8RkOyxVg,explorer,100,5.0,hub_aware
4MUAGuqUKJtHPn1rOoXdtg,one_area,61,5.329434310538138,hub_aware
4OcTMOPBwY-IET2Qi6e9GA,one_area,100,7.314839497253944,hub_aware
4QnCNzp1jpMPaS0AnjYBLg,one_area,100,9.147951998772175,hub_aware
4TWxEoflOQB-0BIxD_PsYw,sparse,100,10.0,global_fallback
4UwB9p2W1JV2wrkXPWXwwQ,sparse,100,10.0,global_fallback
4XAigL1jG_J1ZwC9Hu6ZQg,explorer,48,8.036125726018449,hub_aware
4YHpWfw2_0mFuEset7pLfA,explorer,100,5.0,hub_aware
4kLNVonQ7k4bAwtL4leRbw,one_area,100,3.0,hub_aware
4ncqeCTfDWRd-8SUVcDvSg,sparse,100,10.0,global_fallback
4tvekNNUXGGbStdhwJOM_A,two_area,100,7.669172870658993,hub_aware
4urNhVtE0u0Eq9djxQqOMA,sparse,100,10.0,global_fallback
4v9Wc4MX0A6HHGfkghbhZg,one_area,100,20.0,hub_aware
4x2YP5HRi4z1mSI29YC_Ug,sparse,100,10.0,global_fallback
4yhFQ41Ju_QrEEyR-bnAZA,sparse,100,10.0,global_fallback
505f6LjP1Y_ofO29BuIn0A,sparse,100,10.0,global_fallback
50rxO0T8Z_5azw-V3dJLpg,one_area,100,3.1393140115030502,hub_aware
51J0DDJS22fKeYWrxA56qA,sparse,100,10.0,global_fallback
51Mzh0f6vH0-ZiXj9jFVhw,two_area,100,5.115866233932377,hub_aware
53-0CIUo-pd5ysfvHXb2yQ,sparse,100,10.0,global_fallback
56QSLA3M13Xk1YQ0pXa5tg,one_area,100,3.3679608286998937,hub_aware
57isKa2QYAhBmSw0phrRDg,sparse,100,10.0,global_fallback
5CHSYIv5X8ybaA0LndWaEQ,sparse,100,10.0,global_fallback
5DL6Gx3zdZb8YXtlpFhmkw,one_area,100,3.0,hub_aware
5FYEtbk8dSSp63LA7fu1Lw,sparse,100,10.0,global_fallback
5Fjs7GKqFu1Feg6-RufCuA,explorer,100,5.0,hub_aware
5Fwg3IQNXb_VRwC6revvpg,two_area,100,7.474923785851052,hub_aware
5G6P9ctMoLtkOe9jRTSONw,sparse,100,10.0,global_fallback
5K0fBWj5bek3vGU3Svf61Q,sparse,100,10.0,global_fallback
5ORHA1uWD3GxWq5DlEZU7g,sparse,100,10.0,global_fallback
5P62O12MbDoeyIID4Kyrng,explorer,100,5.0,hub_aware
5Sa5eBLh--gQ740BUPETtA,explorer,100,5.0,hub_aware
5VRu5uB7ORo0mUYKpGYz2w,sparse,100,10.0,global_fallback
5_Lyyx0QxzBWes-rWX2qWw,explorer,100,11.407871418975933,hub_aware
5fyBgjLIT-Tt6rXIb9QllQ,sparse,100,10.0,global_fallback
5hMjGLu-QXyHVmRx4SIi0Q,sparse,100,10.0,global_fallback
5pz-aXTubStlIgjp28Rdaw,explorer,100,5.0,hub_aware
5uhZbK8Fu_VD71zzwtVQ_Q,one_area,100,3.0,hub_aware
5uthbpu4AkVeFfNBIPBjZA,sparse,100,10.0,global_fallback
5yZr0ZOYqPykAXWTNHS4Sw,explorer,100,21.51559885381418,hub_aware
65ImPKzTM8FDDLEScDjVFw,sparse,100,10.0,global_fallback
68963__E9ipbuaEKjEkfRQ,sparse,100,10.0,global_fallback
6C8Ne6yRu6TzBLbhfhdduw,one_area,100,3.0,hub_aware
6DZZO3lH_u6riY9PxAmF7g,explorer,100,5.0,hub_aware
6HCyMWzgRYexwGCNWbLlFg,sparse,100,10.0,global_fallback
6I5oZmEkXEzJiVGyrqecTw,sparse,100,10.0,global_fallback
6Nbc29KSLuses46gGiQmNw,sparse,100,10.0,global_fallback
6OfZD5jh5VdKu0iesOiggA,explorer,100,11.779235391952886,hub_aware
6Tbarl0uObmmhRpTagSHeA,sparse,100,10.0,global_fallback
6ULWXgDTwp-d91927AcnbQ,sparse,100,10.0,global_fallback
6VEL7i246NsaHu4T_1WTvA,two_area,100,3.5999999999999996,hub_aware
6WxhaJVulNUUsNZJ7waaGw,explorer,100,18.334866845731057,hub_aware
6eCRJd8XL94hVBZyOS5Cgg,sparse,100,10.0,global_fallback
6fLYq0zPb46LTl4i5R6QdQ,sparse,100,10.0,global_fallback
6icu2w2Llljakm5CrOYoVg,explorer,100,5.0,hub_aware
6mFXqES400I4b4tpEuCSwg,one_area,100,9.493074254055227,hub_aware
6pIs1ACiUCAMN5QlV-hhjQ,sparse,100,10.0,global_fallback
6q-QDrPQSjbE3qpWazjphg,one_area,100,5.52091070118649,hub_aware
7-yZhJfvsUC7ru2H6h965Q,sparse,100,10.0,global_fallback
73xRtTbE-vw07Nufyp5twg,one_area,100,3.0,hub_aware
79xmVhmZTwEfkKd2K9cBcA,sparse,100,10.0,global_fallback
7D8Nkcb6ujJCGIBkQ93Nhw,explorer,100,5.0,hub_aware
7Eq71a1cwHZ-T-k9pusdlw,one_area,100,3.0,hub_aware
7J-yjbrIkrtsEh1J41a6dA,one_area,100,7.54455059046058,hub_aware
7MneXFWqHcdcNNFBz52OkQ,sparse,100,10.0,global_fallback
7PX0tBKF2SEXZL8nfkoz6A,sparse,100,10.0,global_fallback
7PZ3zf7imfiqU-Dyau5JOA,explorer,100,11.065885393912057,hub_aware
7YXyZp00JU_PjSyLCDpITg,sparse,100,10.0,global_fallback
7_bkOv2-rqxI_IxoxO7fcw,sparse,100,10.0,global_fallback
7a5xVAMhxn9StliGtvyVXw,two_area,100,3.5999999999999996,hub_aware
7dG76pMZyJ_450sDpomwQg,explorer,100,6.538223682158991,hub_aware
7ihniF9YdlXsObIYPHZ9Zg,sparse,100,10.0,global_fallback
7lQr595yf07nYmgQ-DChgA,one_area,79,3.0,hub_aware
7uOr2_NMoIUJDzTgicmbLw,sparse,100,10.0,global_fallback
7yA1eM8IyKFa8zJxQfUFng,explorer,100,6.9926226293800475,hub_aware
83kydCNDNi5cQuh3ILLVvg,two_area,100,11.331317022917524,hub_aware
864qGKT31izMD-uEONbqLQ,sparse,100,10.0,global_fallback
86UlfAuehJBlAm06GXzBFA,one_area,100,3.0,hub_aware
86fipBwL3HjJd7c_UhtpNA,one_area,100,5.163146584055224,hub_aware
87X_fbfge3a00aD-fJwgbA,sparse,100,10.0,global_fallback
8GYPLFRdSl317EgD6Ox8Pw,one_area,100,6.98138417819175,hub_aware
8RRUjWq_JCojHHAHmwXpdw,one_area,100,8.039966553473374,hub_aware
8RgVFXrRnyy6DVBe0SVCTw,sparse,100,10.0,global_fallback
8Rsk_QxsheU01ali2ar0rg,explorer,100,8.135932220051496,hub_aware
8S8Vn_P5wQgC3LMDI7_uZA,sparse,100,10.0,global_fallback
8TmB1EAteclC5vAlgEguBA,sparse,100,10.0,global_fallback
8WFVPJHCpaEQe9SeG8B7jg,explorer,75,5.0,hub_aware
8atyZ5ZHLuN7dQoWqFfQeg,one_area,100,10.540145430177072,hub_aware
8i44YNsLcG4QB_vYbOCdvw,explorer,100,5.0,hub_aware
8mjvoi3-CIuGGpFvIElj5g,sparse,100,10.0,global_fallback
8oW8AgoDwIO8zObOD9IacQ,sparse,100,10.0,global_fallback
8pD-h427Y_aDcPxhDR7z8g,one_area,100,3.0,hub_aware
8qE3WisgXGm1nXxIBbM1Sg,explorer,100,5.84932181793053,hub_aware
8sN5xAOSfcqvO-If6nF7Hg,sparse,100,10.0,global_fallback
8xNsJ8Amji8xhaQ-3ABZ-w,two_area,100,3.5999999999999996,hub_aware
90LhNTiAW-yZ-02ks5QLIw,one_area,36,3.173032467358532,hub_aware
96YkaD7jVs4sXXoSytxogQ,sparse,100,10.0,global_fallback
9C2ztWzDKBkN1o1qtT77Tg,sparse,100,10.0,global_fallback
9DiJLroN8jf1j5nxgWiBVw,sparse,100,10.0,global_fallback
9FGFghIFROXJC6fpORsJaA,sparse,100,10.0,global_fallback
9ME52ggZxDojxENEgQTFoQ,sparse,100,10.0,global_fallback
9SyeNq0ln5WvBAiawzItCQ,two_area,100,3.5999999999999996,hub_aware
9Tjl8JIBdRljx2qoNVOkkA,explorer,100,11.415646741536094,hub_aware
9UTJNIyd-W9u6X_XzY_EnQ,one_area,100,8.156334856153915,hub_aware
9eqmrvVdTqIAtVnP4uErag,explorer,100,5.0,hub_aware
9f5NZKt5ca05plBaJK8dbw,sparse,100,10.0,global_fallback
9jxdX438tkiuCEwpzojeVg,sparse,100,10.0,global_fallback
9lmop9S70gBd8-xMeokSsQ,sparse,100,10.0,global_fallback
9q8qKP-k3eDS1b19ozh_dg,one_area,100,3.0,hub_aware
9rQ-1w3XcC4iPLZhdFpEoQ,one_area,100,4.89066022474763,hub_aware
9uQZSsw1fxAW7sfa-uCNQA,sparse,100,10.0,global_fallback
9ukBi_EHvEYMKfKJaXsCCQ,sparse,100,10.0,global_fallback
A-Q8B87FqO4Ym6PW4w-a4w,sparse,100,10.0,global_fallback
A7CIyRrCic7392kihfO9cw,explorer,100,13.394177742967548,hub_aware
A9tUlN3vJBxIIKSUAgIPAg,explorer,100,5.0,hub_aware
AL56au5XO_CpxIUG9itlRQ,sparse,100,10.0,global_fallback
APTXbNi0z1rndLT4RrZlPQ,sparse,100,10.0,global_fallback
AULMnhV2lvHeX1SyuwYpIg,one_area,100,8.500638211279908,hub_aware
AVHpzzL5nWK9DNj0iNhMuQ,one_area,100,3.0,hub_aware
AWl03RK1j1vCEtp9hZ1kGw,one_area,100,3.0,hub_aware
AbANvs8XMAynUaMX-yRwmA,one_area,100,4.440013499014569,hub_aware
AbKQK0qWh0yS4zcKD63CJA,sparse,100,10.0,global_fallback
AfccxjKm5bXDkMJmR4U_jw,sparse,100,10.0,global_fallback
AhWH6vJxwW_2X7px923s4A,sparse,100,10.0,global_fallback
AnklF9Yl3-_WtnE3UVKhug,sparse,100,10.0,global_fallback
Anx6fA6jHXmLS7oaUFXJcw,one_area,100,4.049814045668378,hub_aware
ApLNfKAZaoHra68RDqNc5A,sparse,100,10.0,global_fallback
ApU6JH060NFwj-vWtYSnng,two_area,100,5.7903860142339045,hub_aware
AqMTCZQhrNE5wp8FfMdF4Q,sparse,100,10.0,global_fallback
Ar0bSCVCwm2m7zknSqoJ7g,one_area,100,3.0,hub_aware
B-zYhfJXIeorX7Au0szmuw,explorer,100,8.318287953555341,hub_aware
B0WllkuBSbKiEQdba7oDqw,explorer,100,21.12314124546043,hub_aware
B1Sd6x9y1pd4PWAGrHo3xw,explorer,100,8.013618255262841,hub_aware
B4JCtIWy5F_HdpOiWmoehQ,sparse,100,10.0,global_fallback
B9XQV2_H31eGXc2u84DBrQ,sparse,100,10.0,global_fallback
BCe4G7hipGralBrxP3zohg,sparse,100,10.0,global_fallback
BF--mvZ0nX6EixyAn45MgQ,sparse,100,10.0,global_fallback
BH0oRNG_gQ2_uHkNXu1BHw,one_area,83,3.0,hub_aware
BHmMszxIdaIEYQ71m4UXwg,explorer,100,5.0,hub_aware
BJ3CCvFv9l8eNH_cun2C_g,sparse,100,10.0,global_fallback
BJb7tRkFKouMM5dasjXghg,one_area,100,3.0,hub_aware
BRk2yc1ax9NVPhBzhWGKJg,one_area,100,13.954649803370547,hub_aware
BT7wW9cag2NruuBjXSPa4g,sparse,100,10.0,global_fallback
B_6HlbxJIXCH1EpzTmKUEQ,sparse,100,10.0,global_fallback
BfrmjP8vcYzE1NM_1iydUw,sparse,100,10.0,global_fallback
BgZazgMoKPIb3aefyPH7nA,explorer,100,5.0,hub_aware
BifKXqBKDtUG1FcFo3YmXg,explorer,100,9.683405151434814,hub_aware
Bk3FIBR8ujP97RNT2E856g,explorer,100,6.766721727712784,hub_aware
Bt-R-1JFFJ16kW8mpmIkYQ,one_area,29,3.0,hub_aware
BundOhhU66aDA5evpfxFhQ,explorer,100,8.188687830460736,hub_aware
BwrccHlkp3xbIEZRIaAd-Q,one_area,100,12.688931536851822,hub_aware
C0s8a1uSN31DvZRSUQxPnQ,sparse,100,10.0,global_fallback
C0vmWVLf7Kk202ltEZxnTQ,two_area,100,3.5999999999999996,hub_aware
C2aiyN4gcEPNfPm94ZoK-A,two_area,100,3.5999999999999996,hub_aware
CCNhUBv0Br_V_4GYIzP1-g,explorer,100,5.0,hub_aware
CHeMEder5ijEoCPLWjto_Q,explorer,100,30.0,hub_aware
CJzZr2i7eczlt1ZzUTIfyA,explorer,100,11.3008136905117,hub_aware
CMyI-HxcIyx3DgQMi4RlKQ,sparse,100,10.0,global_fallback
CQDg6a4wDgkqRUJZSzXc-w,explorer,100,17.613956040691516,hub_aware
CTl0VeGdRuYC-SQjL6dyFA,explorer,100,5.0,hub_aware
CVykZEJt9f3r-N4rwDSOUA,sparse,100,10.0,global_fallback
CX90wCFjtd5XrOcDbq2LXQ,explorer,100,8.668947915152636,hub_aware
Ccddp-vnQJdTfJXYm0VfTg,explorer,100,10.484359319335038,hub_aware
CdXDc0B1C9Bb_cBnj3unhQ,sparse,100,10.0,global_fallback
CgyDV9vFQxDG4CCwmy1DHQ,sparse,100,10.0,global_fallback
Ci0BwfDoR5pssc9qFbBXtg,one_area,100,3.0,hub_aware
CrHmKkHjDeatH_Al1tA_bA,sparse,100,10.0,global_fallback
Cs72RRoeaDYlzTI559baAw,one_area,100,4.628821909862005,hub_aware
Cy-9C0jchr2994TYuPB-CA,one_area,100,3.0,hub_aware
CzOzhuZq5_-JSx7TtlPxEw,sparse,100,10.0,global_fallback
D03upeuF2ujZrkOGvG9S9g,explorer,100,5.0,hub_aware
D2WBLgdkgS69phazNyk8fA,explorer,100,5.0,hub_aware
D2zUnoQddNriv7meYdh-og,sparse,100,10.0,global_fallback
D7-KBgqB4ax7JeJMWOh2eA,sparse,100,10.0,global_fallback
D89P0L7HeYUAEfm88rpWgw,sparse,100,10.0,global_fallback
DEFtEdqzIjufKlKlBcUXjA,sparse,100,10.0,global_fallback
DEpRiOoisiQ7C48rUMpo1Q,one_area,100,3.0,hub_aware
DG09bmwC9KbIhhLrNVyNpQ,sparse,100,10.0,global_fallback
DHDcrxaZB9xtQluAbsm4kA,sparse,100,10.0,global_fallback
DKflxq0TIfcytOy4NHfzSQ,one_area,100,7.49265550210545,hub_aware
DNPcxmIPik7BjJCfhAjmHA,sparse,100,10.0,global_fallback
DOj9NanlJP3xntULCy5Uow,sparse,100,10.0,global_fallback
DQqKnv4_x0VKu8AGXL3fRg,explorer,100,5.0,hub_aware
D_k5FMYuU-iM6TM9UHm2gw,sparse,100,10.0,global_fallback
DddhEBGHlvCkI1pZIeQ26A,one_area,100,5.407219799675138,hub_aware
DmfT2HBhi7iJS2zjuP7LHw,two_area,100,6.408353672633924,hub_aware
DpICLS_YULIDrrSx-9y7mw,sparse,100,10.0,global_fallback
DpQkAl1T7LjnrD8Yp1xqKQ,sparse,100,10.0,global_fallback
Dup9bRkbtiUeEZJn8sV3Qw,one_area,100,3.870243375093213,hub_aware
DvV1vSqSDfM1xq7ZlsD7LA,sparse,100,10.0,global_fallback
E4l9V_HIS30m683r7t1tsQ,explorer,88,5.0,hub_aware
E83utrUHDcRz4fkM1RcnAA,sparse,100,10.0,global_fallback
EJCdAp5V6nY1neXDBxIWIg,sparse,100,10.0,global_fallback
EL7M7hkYHEbXrYICz2jrjg,sparse,100,10.0,global_fallback
ELAfGVuGSdF_F5ZAjScmuQ,explorer,100,10.296108536846443,hub_aware
ENBMZXX3ndtfJouRwQfK2Q,sparse,100,10.0,global_fallback
ETTgsiuBjUH5ZrpopQdJog,sparse,100,10.0,global_fallback
EWBOMeX_OIcAWXuvs_4SKw,two_area,100,3.5999999999999996,hub_aware
EX8IBK47hkhn5vmUK9Zapg,sparse,100,10.0,global_fallback
Ea9eK_hPuyNX_3ee5eeWKQ,sparse,100,10.0,global_fallback
EcALn2zLCFa5CcLJU41FiA,explorer,100,5.0,hub_aware
Ed7bYTRKq9zxhqe4x8zyUg,sparse,100,10.0,global_fallback
EeI4yjrvQi_H_q-5CXjUfg,sparse,100,10.0,global_fallback
EjLbQQiz093KnubKfIvINQ,sparse,100,10.0,global_fallback
El1B-LD3p_TxuKr61FA7dQ,one_area,100,3.0,hub_aware
ElMFfuOLtIMioFu5cNvLzA,one_area,100,3.0,hub_aware
EmFmu3jzYIhbRf-Pn4MSCg,one_area,100,12.969679064383376,hub_aware
Eo8lE6YTCdepIe6jFBLY8g,two_area,100,5.851834669390759,hub_aware
Eqxq2AfFjnut6DwnSmoFtw,sparse,100,10.0,global_fallback
ErGx-mxO_2ettuuoWyrdKw,sparse,100,10.0,global_fallback
F4hYr8e1tsHChae80QP_Zw,one_area,55,3.568953728958865,hub_aware
F5dcvW1xry-LFoVLTYwPxQ,sparse,100,10.0,global_fallback
FBd1Qjnnc1Loh7ZY7FD9Zg,explorer,100,5.209388077636792,hub_aware
FFKXYa7GorddjVbL_tUIMQ,sparse,100,10.0,global_fallback
FOX1YV6UwT1UmHLaKEpQEA,sparse,100,10.0,global_fallback
FOr8-Ti5mmAgolMogQ5xnA,sparse,100,10.0,global_fallback
FRuY-52dJKwYWj-hFcQX4g,sparse,100,10.0,global_fallback
FS1Ixg7ze8Pa0zlriLg4Zg,sparse,100,10.0,global_fallback
FSfuXJ1dkdjCWTsGlxzx2g,explorer,100,5.0,hub_aware
FT2nyZmkjf94bgO3coTARg,explorer,67,5.0,hub_aware
F_yjAG4_dEZYmBHhXXG0uA,one_area,100,3.2558571952882924,hub_aware
FbCoRdahscG4l0TWZj5LJA,two_area,100,3.5999999999999996,hub_aware
FdhuaYcS8_I6FdzPkKTMew,sparse,100,10.0,global_fallback
Fql77crTCq3pbi7V2TJ9LQ,sparse,100,10.0,global_fallback
FucouhMnBxEPEQKbmbYcmA,two_area,100,3.5999999999999996,hub_aware
G30-7WCwpxR6N00W_eOX2A,sparse,100,10.0,global_fallback
G4ovPNki9yAobQThfAvoTA,one_area,67,3.0,hub_aware
G67I2On7PW2bmE_UyfwVDw,sparse,100,10.0,global_fallback
GCdOzuuc1MeGC5gzSHi4vA,two_area,100,3.5999999999999996,hub_aware
GG7Xg-09i2RCSily3JYHtQ,sparse,100,10.0,global_fallback
GSoAWg_SyBXMn5eELtupWw,sparse,100,10.0,global_fallback
GSpUCEHmBQwTd9vhEge_Bg,two_area,100,3.5999999999999996,hub_aware
GVLEgFHGNvAZnuduu25jlQ,one_area,100,4.717271531749676,hub_aware
GX8AfUVxkx7aqFg6yoivKw,explorer,100,16.028100340190928,hub_aware
GXY930qYEG_hzGGtv7fBtw,explorer,100,9.929006989932072,hub_aware
GfHvhQG046-MkpPQ02-eIQ,sparse,100,10.0,global_fallback
GfWBVsi2Yk6NUR6a-gSWvw,sparse,100,10.0,global_fallback
Gj3v5FgAhYtFh2qmcB-w5g,one_area,100,5.941844788219072,hub_aware
Gl-xjDw1Y_BgtuXWwI5P8w,explorer,100,5.0,hub_aware
GtdVcWtrKnrlWi35MqYKgA,one_area,100,5.662169548558518,hub_aware
GuGxHX6dTjBlem0Gq8mz9g,sparse,100,10.0,global_fallback
GxMPUSDqI0T6BxSsmplxNQ,two_area,100,7.315260072325067,hub_aware
Gxa4qz0f_m7b6nRKbqNGkw,sparse,100,10.0,global_fallback
Gza5FyPBK631DujKWMkdnA,explorer,53,5.0,hub_aware
GzzX7EpmTGqik_UThrt8ug,sparse,100,10.0,global_fallback
H0N7D8PvP2_9uFrimAgZeg,explorer,100,17.941175116531944,hub_aware
H0NdZhG5kivhXmLPRph3mw,two_area,82,3.5999999999999996,hub_aware
H0Om3LVYKDnLahkix7AlsA,one_area,100,11.645513087422732,hub_aware
H2WhI7u2Zc-ozPnKBvhWwQ,explorer,100,9.938871231019638,hub_aware
HDuJS7S8TMVmRRlVnTMgUQ,explorer,100,5.0,hub_aware
HG4VCWcap2tn38zIQn0dkg,sparse,100,10.0,global_fallback
HKOuVBpoZd0JrNkMkad2eA,explorer,82,5.0,hub_aware
HL9WXhizVfzWAE4QgQefxQ,one_area,100,7.232303863759824,hub_aware
HNCyXmHdbQxi7TM74lDrew,explorer,100,5.0,hub_aware
HNwwKpPUiFf8EUnYrP0xsQ,one_area,100,3.0,hub_aware
HTLso7W2jX_fTZ7NCXJGtg,one_area,100,3.0,hub_aware
HTUwFyHbZBDMatDiL5U-aA,sparse,100,10.0,global_fallback
HddLem81GiQ_fPzmcsnuzw,one_area,100,8.204890395548578,hub_aware
Hg6pKZxw-8qLx1P2iZDbag,sparse,100,10.0,global_fallback
Hlqe5XsJiPYIqGNze6k6Dg,sparse,100,10.0,global_fallback
HmwU-km4YiUW5YBnhC0VoQ,sparse,100,10.0,global_fallback
HoME-kohG7RQzq27cTiuRw,one_area,100,3.0,hub_aware
Hxfy4OYHYWsiaaPLtPj6EA,sparse,100,10.0,global_fallback
Hxv2Fsr24zBFiZNSYzp4fQ,sparse,100,10.0,global_fallback
HzaP4PIBnKGiEFzm8phbMg,sparse,100,10.0,global_fallback
I6x-ZBHeCNlMnmtfUVf5lg,one_area,19,3.0,hub_aware
IE6p3ue8g6_m2IAnbFcXrg,one_area,100,3.0,hub_aware
IEe0AtY0Yky3QEMQ_vg5mQ,explorer,100,7.243880179865277,hub_aware
IFL0GJ24DyNn45S7-Ysl_w,sparse,100,10.0,global_fallback
IFLZXkaBah5ZJ4wlNyhe_g,explorer,60,5.0,hub_aware
ILT17t7mrmpqiAMWvCxWYA,sparse,100,10.0,global_fallback
IO35yKD-4-HBiVdXg_7KXw,explorer,100,5.0,hub_aware
Iim2FjK234PripBpaZ9PZw,sparse,100,10.0,global_fallback
IqpAQyHy_M5a7T-ZrP8HHQ,sparse,100,10.0,global_fallback
IrzBuAsvu7Nb0KSEVrH_Ww,sparse,100,10.0,global_fallback
IsElws9SPzDhIyaQxQZhmg,sparse,100,10.0,global_fallback
Iwkgm3izBQB1cMHrZZ4nsg,explorer,44,5.090160414058904,hub_aware
IzXRjZkLb8sWmS-sYlXB8Q,one_area,100,7.55867599669256,hub_aware
J-SrJeEyrJ1lfE0o3Rcoqw,sparse,100,10.0,global_fallback
J-aKkyx5yKFdI1kp8N9GLw,sparse,100,10.0,global_fallback
J1L2FGH3jPIMe1QlixNzAA,one_area,100,3.0,hub_aware
J2YBDnX01WxTwSWDy_W4bA,sparse,100,10.0,global_fallback
J9gOJk_90vuIzd-ZNUGgyw,explorer,100,13.992704634998582,hub_aware
JDN3_QITw8jPX3mAk78Y1g,sparse,100,10.0,global_fallback
JKDamUXVPAgIV2Hhb97ncw,sparse,100,10.0,global_fallback
JMjLWYbP-d9tlYAkLz1Ogw,explorer,100,7.767087039253168,hub_aware
JSpwp4pAp_Hu4xmPuNitBA,two_area,100,3.5999999999999996,hub_aware
JZArUtt9RXoI1qdao0fyog,sparse,100,10.0,global_fallback
J_nkt4pAa1Jo2jGu2rc4Yg,sparse,100,10.0,global_fallback
JapJQZIsWLn8MpsHOH6J-w,explorer,100,9.672766156997017,hub_aware
Jb7H9zg3ABs83fpn0ya1ww,sparse,100,10.0,global_fallback
JlEIf9QGIAFwUDCfhH4DrQ,sparse,100,10.0,global_fallback
JnQdLbWRhAsrw_3Hoo3vsA,sparse,100,10.0,global_fallback
JqigRMvhsH5r7y94CjGdQA,explorer,100,10.901986673324213,hub_aware
JtXALTXw0CxoRLNw_GFvuA,sparse,100,10.0,global_fallback
K0zrsXqu55JPwT4dnvNUDg,explorer,100,6.94968446326113,hub_aware
K1SrG5chblLSO0RXgNcutg,explorer,100,5.0,hub_aware
K9lyKtYQVeCB0Usg2v65Bw,one_area,100,5.625631769301979,hub_aware
KAozHo6DpWCn0Mz6nvJLoQ,one_area,100,12.686778187988565,hub_aware
KHT5v6d_T4xqd4cWksLk0g,one_area,100,6.525033006768216,hub_aware
KQ-gI-xsZzq5xeHYev6eYg,sparse,100,10.0,global_fallback
KQDC9pwnAeFFGPLXrsQbcw,sparse,100,10.0,global_fallback
KQzqAdf1zLHwaPaCoWoOCw,two_area,100,7.691830446340195,hub_aware
KZyMZ0ig-bMPmg7Jp_ueMQ,sparse,100,10.0,global_fallback
Kc-kC8eu_U8mH87cOYvqbQ,two_area,100,4.736667470009802,hub_aware
KcblS8ypoV5mFhtyJubmaA,one_area,100,9.302463818495726,hub_aware
KdvfzXO6wid3L4wxxzJYxA,sparse,100,10.0,global_fallback
Ko_PDCCLckuEy8veApoipw,explorer,100,5.169435766932363,hub_aware
KrZ581CKVJ-8Mvw37ycBkA,explorer,100,5.0,hub_aware
KvTo3KNWtMwVCQzVYyyuZw,explorer,100,5.0,hub_aware
Kwj7GH9JRgy1Iasad3Ou2w,sparse,100,10.0,global_fallback
Kx4RtLVvwFuH2F4hWKB0ig,explorer,100,5.0,hub_aware
Kx7JvWXJUGccCsVKaVX6GA,sparse,100,10.0,global_fallback
L-EQnRqs4eg4JKOY7rcLmw,explorer,100,8.449381807711278,hub_aware
L-Zrhj84j7Qiwn554FQKig,one_area,100,4.34352774453831,hub_aware
L3Wo48xFZC_5H7SC4sdUSg,sparse,100,10.0,global_fallback
L4uWWU4ArkzZy1D3dpSAxw,one_area,100,6.339838637788868,hub_aware
LBbUoV173-OcUPLVP-7ScA,explorer,100,5.073496844984681,hub_aware
LCHhwItAT7hCYn1hD33psA,sparse,100,10.0,global_fallback
LClO6WFsYAJgq-3N0291_w,explorer,100,10.3315362891036,hub_aware
LCn7uMKbEyRASeDtGsGoZA,sparse,100,10.0,global_fallback
LF1kmwJjLNVpDNUik5eMPw,explorer,100,5.3312658680197265,hub_aware
LPkh_eURB6fOA1w7GSf1qA,explorer,100,5.0,hub_aware
LQ-FEkzw4P2OwEM23PLbkw,explorer,100,5.0,hub_aware
LRx0RViGEAFX2UVJ5bNBRg,two_area,100,7.806979862666372,hub_aware
LTCbBgxF1FvURWxA7YPEKQ,sparse,100,10.0,global_fallback
LTMNEpVIJkEfM8ma0DEYyg,one_area,100,3.226787565132791,hub_aware
LZkoK_bTORaMxRLbdk9T-A,one_area,100,3.0,hub_aware
Le3fvEovMVaISZGgsy9FWQ,sparse,100,10.0,global_fallback
LfpXEdALEix6D0UsBCKu5w,sparse,100,10.0,global_fallback
LoyOOeJHQqzezHAdJqmYHw,explorer,100,5.199368613576917,hub_aware
Lq-_mYovl3KuiL6RPdoYew,sparse,100,10.0,global_fallback
Lr0ThGKRi6BxWCiry3Y4sw,one_area,100,4.407339049775932,hub_aware
M1q69ybXnpT4OohBz6FWnQ,one_area,100,5.694385274875448,hub_aware
M32nKcq8Cppin27W7-iFMQ,one_area,100,3.5329421696191003,hub_aware
M5I4rNHn3VZb9hkamuEx2g,two_area,100,3.5999999999999996,hub_aware
MMb3EZjiQGuWaeH0lcpjdA,explorer,100,14.81736155291964,hub_aware
MN6vTCeRKWU44M7xwhQc7w,explorer,100,10.230269129487171,hub_aware
MPvjps91dA-EfjsfZ570Ww,explorer,100,5.0,hub_aware
MTUXmF6TMB2oyOUH9dCaAg,explorer,33,5.0,hub_aware
MVIQUlFaFUSjK2pG_qJsow,explorer,100,5.282127319555697,hub_aware
MVuNw-mO5on8PpO_I6QtKg,one_area,100,4.0435105917974905,hub_aware
MkAOXZub6t1XCqSsB1VTcA,one_area,100,3.114044497922026,hub_aware
Mor3UEvzDL9l2Ga1aoqnOA,sparse,100,10.0,global_fallback
MrvvXXhtbcgZfCxHvQ4VIQ,one_area,100,3.0,hub_aware
Mtauh5PuE5yrnt4nE_khDw,sparse,100,10.0,global_fallback
MvrGDIrZv8pL_NYWrb9fLw,one_area,100,12.375001102544259,hub_aware
N0un75Nz_OGmhcROiuj8VA,explorer,100,20.2232299666017,hub_aware
N84Tst_bWC2hNdET8cPWjQ,one_area,26,3.0,hub_aware
NANbMviczSYba8azpvvdAw,one_area,100,3.0,hub_aware
NAxQKtWufuvSUmufzmIkGA,sparse,100,10.0,global_fallback
NB1_0JLlb93trABkcAYStw,sparse,100,10.0,global_fallback
NBhBECdmKXspNMQXrowLxg,one_area,100,14.889815944086768,hub_aware
NK2rEuA_ZJ6Jw94hPmNkLw,two_area,100,5.161032061486087,hub_aware
NKlEwUMCB0lDSeRNUA4y9w,one_area,100,4.493055150429877,hub_aware
NMFSiVf5TO8tQWBQ6Pcucg,explorer,100,8.154684061110602,hub_aware
NPX7b6i958CuSFCLNGe5sw,one_area,100,3.0,hub_aware
NSHXU2EMIRsjGGuvncpQfQ,sparse,100,10.0,global_fallback
NXX09vJ7rLPv0JJoPj0_dA,sparse,100,10.0,global_fallback
NcRKRxXC3_SrAD-3LOeS3A,sparse,100,10.0,global_fallback
NhYTylbNBrs3OY8ffUdVgw,explorer,100,6.836833650968141,hub_aware
NijHURoR_k62Axkmz68TCA,sparse,100,10.0,global_fallback
NpOGkN24JbhtGEB3IKHYuA,sparse,100,10.0,global_fallback
O0vNIBTJ6dHx8mCKYHwOXw,explorer,100,9.243888782018796,hub_aware
O3LHhLM3N42vEvnOBtYQpA,two_area,100,4.338059483321621,hub_aware
O6q1nMhqcFArX8A18vnrYQ,sparse,100,10.0,global_fallback
O6sUHcC7svPkZWCIO6PuZA,sparse,100,10.0,global_fallback
O9QKjmjKObBE7JJoGVYgEA,sparse,100,10.0,global_fallback
OH3ptxBiopNJIrgGVyQshw,explorer,68,5.0,hub_aware
OIyC6P3M5XGEVzU5YOdw6g,sparse,100,10.0,global_fallback
OJsr0UFngBwO5E8z5qP6xQ,sparse,100,10.0,global_fallback
OKXT_S_s8w7FgqCcMXYUUg,one_area,100,3.0,hub_aware
OPN1uIBQUCze9Ul7u0raaA,sparse,100,10.0,global_fallback
OPyem1unqqtM8snKniLwRg,one_area,100,3.179660855265626,hub_aware
OTKA9bofY3zFh-saPz1RFQ,sparse,100,10.0,global_fallback
OXruA-p85uhlvgTLKNz5Mg,one_area,100,5.025890488623044,hub_aware
OYp6gA8pGIhNerSp0LSjFA,sparse,100,10.0,global_fallback
O_LxHzpMtaxnzNs5hNOxxQ,explorer,100,6.843141198060916,hub_aware
Oc1w0KTgCV9z4jgpekLTjA,explorer,100,5.0,hub_aware
OgaxsymED9T23aZobMNOoA,explorer,100,12.96955405663987,hub_aware
Ojll9cQN4WmDUBic0MRlSA,sparse,100,10.0,global_fallback
OmEpzRfwZAgCS0AlDcj9Ag,explorer,100,5.0,hub_aware
Onvtmw9RTdf8zHHzjudbMQ,sparse,100,10.0,global_fallback
OrmB5Onk2RaYyiGZmwliMQ,one_area,100,3.0,hub_aware
OxC6feaRNTKgSirkvnP0wA,sparse,100,10.0,global_fallback
OxfnFHyedpprZLVMOSEATw,one_area,100,3.0,hub_aware
P-1_Yb-Pafw0xvktDNvg-w,explorer,43,5.0,hub_aware
P6-z2QNjXo_tRnzMfuf3RQ,sparse,100,10.0,global_fallback
P6UWg3oHfw9QHTSSuGkgVg,two_area,100,5.912460355699429,hub_aware
P8130kY1Cz6TFOsKJFUdUA,explorer,100,5.0,hub_aware
PJl-5EnQk_aFMlyYh3OrJg,sparse,100,10.0,global_fallback
PgiLP11qaxxYexNloIzXOg,one_area,19,3.0,hub_aware
Po-IIg0JO24jfgou7bDqrg,two_area,100,3.878989882242506,hub_aware
PqfOVKJOLw1moW2NPSoEjQ,sparse,100,10.0,global_fallback
PuNLBic4RPf9Ga03gbpaUg,sparse,100,10.0,global_fallback
Q3UOMxfsAH3U030tR0lH0A,sparse,100,10.0,global_fallback
Q4EiT1fYeDRea9l_ey9giQ,sparse,100,10.0,global_fallback
QCK3OENFoDpvadeX3RAhKw,one_area,100,9.280248770622379,hub_aware
QGeKRz0pBV6uBmF7_VlBjw,sparse,100,10.0,global_fallback
QIi4SwtiSxeDSwwwDoEPBg,sparse,100,10.0,global_fallback
QJjMgW93bnPnxGnVRSFR6w,one_area,100,3.7474393700446544,hub_aware
QMqSgBqSrlRhz2B0UiORjw,sparse,100,10.0,global_fallback
Q_SR2NwCPDnu-phYkrSX8g,one_area,100,3.0,hub_aware
QaCDjkA8Is_dB4DBVef6cw,sparse,100,10.0,global_fallback
QcqHBeyqtxf4nMSo-CVXRA,two_area,48,3.5999999999999996,hub_aware
QfFIPbAYkrMD0SPMTNP4cQ,explorer,100,5.0,hub_aware
QjweSj3PwAB5zv7ushn_Ew,sparse,100,10.0,global_fallback
QmlFDYt9aRKYuf7mRhvkeA,sparse,100,10.0,global_fallback
QpdYmCSg7vLM6qa6HFjhwA,one_area,91,3.0,hub_aware
QrmUrUy1mNjgvFMOf_AjLA,sparse,100,10.0,global_fallback
R20sQxFytgr_raM5DsoAJw,sparse,100,10.0,global_fallback
R6o8tV3jQ2hMXYD5u-Zkgw,sparse,100,10.0,global_fallback
RCRxj6dn-cMNwDhpGQMYqA,two_area,100,8.242209187180597,hub_aware
RJXpxfwCAJy6nGsmGXghVw,sparse,100,10.0,global_fallback
RRtMl0kS2ntfoxcQPJcmZA,two_area,100,8.21032688053806,hub_aware
Rcrg_WMhz6KUu-uDhEt38g,one_area,100,3.0,hub_aware
Rd7qzRa_I_-JIQq5IHIk_Q,sparse,100,10.0,global_fallback
ReLV-lo7M3nVg0deB86fCw,sparse,100,10.0,global_fallback
RlG8zsrWfYNaMzmT9ILCiA,sparse,100,10.0,global_fallback
RmaAM3og4CzTy1W70ET1_A,one_area,100,7.96452138659825,hub_aware
RqP6tzpJpAcuMgs7sL5pGQ,sparse,100,10.0,global_fallback
S9EaFrAcuZGrvUo_Rx24Wg,sparse,100,10.0,global_fallback
SEKTawcFfaIKntviucbhHQ,one_area,100,9.708287594150175,hub_aware
SGUGJxqdiaDTh87NQal5FA,sparse,100,10.0,global_fallback
SH5UIXzyJMW5Vsyb6n5Cpg,sparse,100,10.0,global_fallback
SJp3ur20tMsvGVitMxiaww,explorer,100,6.014033455011102,hub_aware
SKgz4N68nhmsbYepfrQgFg,sparse,100,10.0,global_fallback
SNkrO9hhvaNOtgVM4DiiJg,sparse,100,10.0,global_fallback
SPa6Q4dGuyOykxs42BebYA,sparse,100,10.0,global_fallback
SpRfD1bdOfffOSKreIeIUg,sparse,100,10.0,global_fallback
Sz5uYgcxbHHOEtwNiM6BaA,explorer,100,8.07250347043689,hub_aware
SzKcR8CCmPJDWcNEPEfTFQ,one_area,100,10.176143069548132,hub_aware
T0d7oBLMJ6hFnzHTkOoQhw,sparse,100,10.0,global_fallback
T1uLCD6iuQbEFT23rxU1Dg,one_area,100,3.0,hub_aware
T4RRbPH6J3SX9QA85U7JTw,explorer,100,8.398747860500606,hub_aware
T6ej7K8uGglcBzJ68yZX1A,explorer,100,5.363603896280266,hub_aware
TAahkgGJ4qU936PbNxH6Jw,sparse,100,10.0,global_fallback
TBRQIFGGWjR7Z5Ki5_PfxQ,explorer,100,10.45088881756476,hub_aware
TDVv8uxxgfhxF9Ix9eSPoQ,sparse,100,10.0,global_fallback
TGmY3adNfCfZCLKP62Ll2A,sparse,100,10.0,global_fallback
TJlF_yn7HU4Wm8SXKVCRrQ,sparse,100,10.0,global_fallback
TPJozTJbA67odTmQYrjc8A,sparse,100,10.0,global_fallback
TQwq95VbVCBeHHQW6vOIlw,one_area,100,6.113602216128157,hub_aware
TRGa7RzYQHlw3UVcypt4dw,sparse,100,10.0,global_fallback
TRj5lPr-RwvATCIc6Uf59w,sparse,100,10.0,global_fallback
TZFn736XYq4qYPXTFeGwzg,explorer,100,6.9995159161299725,hub_aware
Tj2ajZmAIajq4O4eNxtpnQ,explorer,100,5.1238491755028015,hub_aware
Tj4vyZDWtEfhaO-Wx2rk6g,sparse,100,10.0,global_fallback
Tl2x7NNY6_7XUjXJyDXt1w,explorer,35,5.0,hub_aware
TpXu0yFnMMs-YiyBMEu27Q,sparse,100,10.0,global_fallback
TqukMwa4PXMv-3DUfPyJ5A,sparse,100,10.0,global_fallback
Tw7oL8tJT6MSul0TAo8gnw,one_area,100,4.243340734665183,hub_aware
TxlrbX7i7aJvRKZZgCRpew,one_area,100,3.0,hub_aware
U1E6Naex1491NzrGarCsXw,one_area,100,3.0308838808295735,hub_aware
U27Dewt_TxEY-AQfnP3ePw,sparse,100,10.0,global_fallback
U4LtJ7YljPEmCbM0HmeG6A,sparse,100,10.0,global_fallback
U7W1khpgG2GOggewEoFaeQ,sparse,100,10.0,global_fallback
UAy3ZRQR9JzNN0kzMBWTQQ,one_area,100,3.6264777823518672,hub_aware
UBLaSSnkK5xoOVsxLr7JZg,explorer,79,5.0,hub_aware
UFq51LFmhfEPn21CM9l_RQ,one_area,100,8.606642656337018,hub_aware
UH4UvNqQp7G7NCwWEEQ2QA,sparse,100,10.0,global_fallback
UKcIwlbLohvMmGiw4wqaqA,sparse,100,10.0,global_fallback
ULtiUKtUi6BRMbOsiQberQ,sparse,100,10.0,global_fallback
UOXCf4eCU8q6o1xGIzwOng,explorer,100,18.613247165912654,hub_aware
UPjzEduW1QgY_Q5p7pjiPw,sparse,100,10.0,global_fallback
UVSxH2URPO7Sa9A51IZC8w,one_area,100,3.2104549731240564,hub_aware
UXJ4od989AHDeLjIk82vCA,sparse,100,10.0,global_fallback
UdGCr8vOgt60nGGS-R7CUg,sparse,100,10.0,global_fallback
Uo1IBYMpVRYJocg6H4HYxw,one_area,100,3.0,hub_aware
Up-oM-OL17jDjn0GxtwH1Q,explorer,100,11.596071536526654,hub_aware
Uq40T7gShlQLWBJb98evZg,sparse,100,10.0,global_fallback
Uq819frXr3ucv8MjeJhzzw,sparse,100,10.0,global_fallback
UwbZEMOUfeobay8ycUfT2g,explorer,100,10.435028059441343,hub_aware
UyiT9-LLhcODDRZRaISqTA,sparse,100,10.0,global_fallback
V34LnyOBjRuDQBuYG1Duuw,two_area,100,3.5999999999999996,hub_aware
V60nCZgAqt0ZfFVErQS7YA,sparse,100,10.0,global_fallback
VB0jUPCo1FaAgIzrxayjpg,sparse,100,10.0,global_fallback
VCoKjRd_Rk97dK7pbsmIEQ,sparse,100,10.0,global_fallback
VEmT4OO690n_t7QHDTB6jA,sparse,100,10.0,global_fallback
VG7dOVRGeaGvJ7HISpfE9A,explorer,100,5.0,hub_aware
VIBcpBsdrm8ZgkuE-o62hA,one_area,100,6.011086601730269,hub_aware
VOXxUUgygln1UgVFHAgixw,one_area,100,3.0,hub_aware
VR1HCLP1bvg549xkNVN0UQ,one_area,100,7.418221029034922,hub_aware
VRGj14iFH4dGPdgCrw1peQ,sparse,100,10.0,global_fallback
VRpN8qjg2_b0YPomK3_xTA,sparse,100,10.0,global_fallback
VUeZ75mvC8nf_J0wZoSGBw,sparse,100,10.0,global_fallback
VWMjrU0ll1FavCL9_fm8Cg,sparse,100,10.0,global_fallback
VWriVYd_m97I7KOCN-dEkA,sparse,100,10.0,global_fallback
VaJ23imjcYl1U35eyd6hbQ,sparse,100,10.0,global_fallback
Vt3dbCGAkDVY2kxKTdInzQ,sparse,100,10.0,global_fallback
VwIAajk9Z60-5TtONFYJuA,sparse,100,10.0,global_fallback
W4eb0mdukxQgwvvn9IGkPA,sparse,100,10.0,global_fallback
W4nc1emtvQ0BwbEQAF2nWA,sparse,100,10.0,global_fallback
W6dlxy3ts4Lj5B_LFI4Q8g,sparse,100,10.0,global_fallback
W70CaXqiK5kVpR-iWLvsyw,two_area,100,3.5999999999999996,hub_aware
W7GWFiub3HbMlMGXO3AKBA,one_area,100,4.077484618731306,hub_aware
W81s2EdHHq4_CYDJNqhgRg,one_area,100,10.816643845117119,hub_aware
WFp0CWCNjT5Fovzd7od3Pg,sparse,100,10.0,global_fallback
WGfG0iFN53alClblgY-0ww,explorer,100,5.0,hub_aware
WM5HlND9Olxyk2FvYkuAhQ,sparse,100,10.0,global_fallback
WMN_WooRW4oN8TaFhNpyWg,one_area,100,7.21056355373082,hub_aware
WQjY0HaQOIAZi0hfDVcGWQ,one_area,100,11.801139400311541,hub_aware
WTVtNexN9unsSOacvpWNmw,one_area,100,3.0,hub_aware
WVCgjoYPl7jPhXjPcSR02Q,explorer,100,10.954650058328824,hub_aware
WYMVjQZay3pPFJmg_iktGw,one_area,100,3.0,hub_aware
WZvywUbFqvHQw1boj9OQmQ,two_area,100,5.052684545120055,hub_aware
WaJncDmkVxHAEHb-b-goTg,sparse,100,10.0,global_fallback
Wc5I96A8pEUfP96CDbRc6A,sparse,100,10.0,global_fallback
WfywKHUOxQ6AVJa8Q-luvQ,explorer,100,5.530751376155139,hub_aware
WgMCUvsxVGwDUsdJXcEPGw,sparse,100,10.0,global_fallback
WikldhFO-gxHRs9SRVfkqg,sparse,100,10.0,global_fallback
WlxJHUYqdEKuIwpE9iTZxw,sparse,100,10.0,global_fallback
WqktipEEPMZAvsOIkUTZ4g,sparse,100,10.0,global_fallback
Wz--ow7P1W0r09_lfkN6XQ,sparse,100,10.0,global_fallback
X61dbhql2YZhIoO3flmkRg,one_area,37,3.0,hub_aware
XAvi-b5kaioCxEcgzOW60w,sparse,100,10.0,global_fallback
XBZvCj-WeQauibI3NCi2Dg,sparse,100,10.0,global_fallback
XBcDvNBgGcc9sl4wvx6RCQ,explorer,100,5.0,hub_aware
XGDWVXtB8p6rKhJEG0S_zg,two_area,100,3.5999999999999996,hub_aware
XGaU9uKju7jg0xG0Lr9qeg,two_area,100,3.5999999999999996,hub_aware
XJfn5H6UwCsp-L6n7DXrAA,sparse,100,10.0,global_fallback
XLRzqtCGycIESuA5xfbXdA,explorer,100,5.0,hub_aware
XPr6OwITQhnsvH18p4FfsA,sparse,100,10.0,global_fallback
XSfrNZIyAHKDb2ps1HS_8Q,explorer,100,14.102462634170426,hub_aware
XV5h-6e2PnQtowu5-i5KJA,one_area,94,3.0,hub_aware
XedowXE1sPi4BYJmOLjt8g,explorer,100,11.214006631988067,hub_aware
Xn94AMfZrlX4Q7FvV6RrtQ,sparse,100,10.0,global_fallback
XrBVIx_LVYa8P1AiOw8gRw,one_area,100,3.0,hub_aware
Xw8Pr6pCzuCX-UOLd3dp9A,sparse,100,10.0,global_fallback
XzYyKC84ccqgw0DccAgEsQ,explorer,100,17.105059883828915,hub_aware
Y1MHichqrupj81MFtTA98Q,sparse,100,10.0,global_fallback
Y3HQHXVM6aDiDsbyN8U5eQ,explorer,100,12.759562747679706,hub_aware
YBNpmwPM-CjNzoRdF3Ap4g,explorer,100,13.744562826507613,hub_aware
YL5KFoUtGEdBA7x-C4zu7A,explorer,100,7.282795035629078,hub_aware
YPfS68Yx1yi7u1GpU5sR8g,sparse,100,10.0,global_fallback
YlWXXEeVK0rsdNys17jvKw,two_area,100,3.5999999999999996,hub_aware
YlxeTuWCoZfrefhy0Ucyhg,one_area,100,3.0,hub_aware
YnDvjz11ZE-f9qc3gEm-KQ,two_area,100,3.5999999999999996,hub_aware
YqsceNOYPupHz80fOwVviQ,sparse,100,10.0,global_fallback
YrWN6qplTdYlQ5urYNxpwg,one_area,100,6.780381131168367,hub_aware
Z0yHptbS93271s_h6LJOMw,sparse,100,10.0,global_fallback
Z8xy8ivjN7wl2HSyOtEU8Q,sparse,100,10.0,global_fallback
ZDgqRbMzvh5xLvLPf5pd1A,sparse,100,10.0,global_fallback
ZG7d4yTQxdQ4SAKRWXBg_w,sparse,100,10.0,global_fallback
ZGnUQTLwVZTzSLGu6vR4nQ,sparse,100,10.0,global_fallback
ZHiVNK_5ytWSSR9HGr0iIQ,one_area,100,3.0,hub_aware
ZIlZhl7xT9gztKRlWk8Uvg,explorer,100,5.0,hub_aware
ZJZARSGq4UOpsFl72PZNAw,two_area,100,3.5999999999999996,hub_aware
ZSmUmmJ9Jxk3UeaVmWg4Eg,one_area,83,3.0,hub_aware
ZZ6LB_EAJFvpx3VbYcg3QA,sparse,100,10.0,global_fallback
ZZMnSSzyL7l9XiLgrtlwZw,two_area,100,3.5999999999999996,hub_aware
ZjGnvSASx6ziJ2pLD8KNQA,explorer,100,5.0,hub_aware
Zjp8kd0zPbrp8-uCrmklQg,explorer,100,8.84396236251575,hub_aware
Zqu-tMR9CHjA44sU7I5bXA,one_area,100,3.0,hub_aware
ZunpK0C6__9QjOeJdvhU4A,sparse,100,10.0,global_fallback
ZvkbHmIQg0z28aPoLB8-QQ,sparse,100,10.0,global_fallback
_-Uw7Bk9mGdE8JnwI6Czog,one_area,100,4.729881113147401,hub_aware
_1hPdizzSbtEqgO_VKR72g,explorer,100,7.015149479278712,hub_aware
_2PfDGJk_JbVktP5E8DKTw,sparse,100,10.0,global_fallback
_3slMJIPWtusJq4waO_zqQ,sparse,100,10.0,global_fallback
_6eWh95nK84sZMSH4kA4Gg,explorer,100,8.821182457148911,hub_aware
_G4218U6yDywqn_06L595w,explorer,100,5.0,hub_aware
_HhajxbU7yprqYMtvBlIig,sparse,100,10.0,global_fallback
_K4pNMWOUkvQlO0k75xV9g,sparse,100,10.0,global_fallback
_KL1CGJLouKvmtqvIsh6hA,explorer,71,5.0,hub_aware
_Voi8461u-vpVgEkZ7wg3g,sparse,100,10.0,global_fallback
_cQJIRrJu0pXqBSloGFmyA,sparse,100,10.0,global_fallback
_mtqoo7wQYheXrO1pCAo0g,one_area,100,8.036663295212584,hub_aware
_sc93u8VgIQVi5Af_7h1GA,one_area,100,3.0,hub_aware
_yRKTBGymWyWoBj2YJFCmQ,one_area,100,3.0,hub_aware
_yS6GfchBYtNThmucf_r1A,sparse,100,10.0,global_fallback
a4MrK-KrumPaY5Vl0aC1rw,explorer,100,5.546670096613346,hub_aware
a7Hc-cLGLMVXb6J5c8aXRw,two_area,100,3.5999999999999996,hub_aware
a91M-RIBmsjCYtOd-X2hFQ,sparse,100,10.0,global_fallback
aEgD7g9gof2Bl0dUEwWQ2g,sparse,100,10.0,global_fallback
aJgLdDQt9ytb-qbF8hpyjQ,one_area,30,3.0,hub_aware
aN3hqwdyeT6AmyUq3GgIIA,explorer,100,9.596110933981455,hub_aware
aOGtShQrhkVF0REtkJCNkA,sparse,100,10.0,global_fallback
aPEZfHCW053NYcWrNT6vZw,sparse,100,10.0,global_fallback
aQr8seSnycChN6TSqQ6PEA,sparse,100,10.0,global_fallback
aW-gSyHbowWiIJ0Qf1K8PQ,sparse,100,10.0,global_fallback
acqIFO_sRn910Nc3tJVC3A,sparse,100,10.0,global_fallback
adAyqY8C2KUzz_IvYfLszw,one_area,100,3.0,hub_aware
afKo80GQvZYbdlwckuZixg,sparse,100,10.0,global_fallback
ah5_tmNcNRufLDgbbU5t7g,one_area,100,3.0,hub_aware
aha055JQo_MKHlBGAqPkWA,one_area,100,3.349758373743736,hub_aware
ajR1S3mEFTUnixX2a35yJg,sparse,100,10.0,global_fallback
an2Y3s60SO4oOrDzXoz79w,sparse,100,10.0,global_fallback
anyYN-TwiaH2mUOcsvQEbg,sparse,100,10.0,global_fallback
aqSmzW3CtNW61CIaK__7ig,sparse,100,10.0,global_fallback
asGyqFBanQVhs31aNrLLUA,sparse,100,10.0,global_fallback
auZK-98eELMr-_-Ur7XCwA,one_area,100,6.336938067425071,hub_aware
auz-JbxlUP_uMEy3p5gGWg,sparse,100,10.0,global_fallback
b1D-Vsr3JmG-dxAorXb6VA,two_area,100,4.779227541502139,hub_aware
b2G1n12ldY7PCDrpB9TOYg,two_area,100,5.206677902149322,hub_aware
bAmK1OzZpDkKeN_az63sMw,explorer,100,23.31318906481309,hub_aware
bI_cvUKQeyQcyHZWUZnmMQ,sparse,100,10.0,global_fallback
bQmMPB7y_u4SM2STjTO-bA,explorer,100,19.811881071574614,hub_aware
b_H4G4woryqNEW5W0E7W7g,sparse,100,10.0,global_fallback
bhWclax6Qx5_dxOKHSvj6w,sparse,100,10.0,global_fallback
biVmz_l-4wYkwrV_eeb9FA,sparse,100,10.0,global_fallback
bodz_h8AmL2RVwRnRpDR-Q,sparse,100,10.0,global_fallback
bpBmGt_yrXBI4LksTYzdmQ,sparse,100,10.0,global_fallback
brdhI1aKGou0k2UcL2i3kg,one_area,100,7.053164635698673,hub_aware
bxKtZwV1Xr6JUksBASxiRQ,explorer,100,5.0,hub_aware
bxNF0eU_yKHKcSmnWG9riQ,sparse,100,10.0,global_fallback
by81q_rpwwMStxhfOhZFwQ,one_area,100,5.024798706345446,hub_aware
bzrbURQEIsn7-j3mXyoxRA,sparse,100,10.0,global_fallback
cAtnUGFB0WE2FquMoSoiiQ,one_area,100,3.0,hub_aware
cFw_PVNvzecqe_3qvoSsUA,explorer,100,8.439513728348876,hub_aware
cHrJ3sKZcv6IYkeQ4Sm4-w,one_area,100,5.076084821704092,hub_aware
cI--VISVnwGV-tiuokRlag,explorer,100,5.0,hub_aware
cNbL9w6jQuNMKKjUf32Nhw,sparse,100,10.0,global_fallback
cYfyBD4YteuD2qzwGIYP6A,two_area,100,3.5999999999999996,hub_aware
cbdRgEZMXnHM8QjkE7sP8g,sparse,100,10.0,global_fallback
ccJ8Mxr8VVz9oJimZNTTwg,sparse,100,10.0,global_fallback
cnN4EEJa9UHskl4Fct1-wQ,one_area,97,5.184664545518986,hub_aware
co6aC5SsnueLBBkRNXpMJg,sparse,100,10.0,global_fallback
coM3qJyeAHI78w8qqY28Dw,one_area,100,3.0,hub_aware
crF0y6p8vQi2Uq97WkJ7AQ,one_area,100,9.06123404848692,hub_aware
cvPPdCmm-sq7czAArSg58g,two_area,100,6.502999907919218,hub_aware
d1u8IBACgcKroecTqlXxmQ,sparse,100,10.0,global_fallback
d7ks3nVCdMV1eI-vfYCSWw,one_area,100,8.627355919623412,hub_aware
dRpoKPePbLoSIiSIS7XymA,sparse,100,10.0,global_fallback
dS1ctAuaGo2eRVTe0PWQZg,one_area,41,3.0,hub_aware
dXcAJzsA9-2x45qi2arazA,one_area,100,5.29111941592587,hub_aware
dfopq7NT06ms9s_tCuF79w,two_area,100,4.205723676208334,hub_aware
dn76ak6ZEPI7XNhdMpxl6g,sparse,100,10.0,global_fallback
do6uIGdA_L_8IFoJ80stTA,sparse,100,10.0,global_fallback
dw1Inj5D8v_k5s5j16JoDg,one_area,100,5.078371831305736,hub_aware
e0Omm8re_M4FCtTql4o7Mg,sparse,100,10.0,global_fallback
e8a8cRGSP3QOYB2hjpoeSw,one_area,100,3.0,hub_aware
eMg6PF3efZLrvvqYGJLOpQ,sparse,100,10.0,global_fallback
eNxb0N6BGQXMYt9pC1IJqg,one_area,100,3.0,hub_aware
eQB-zeNwKOGk3F1xLQDp5g,one_area,100,3.0,hub_aware
eTBfcSIRTHaMjakKOrS-BQ,one_area,100,3.222491844081678,hub_aware
eUz32AlWqRcPKxpvz9UP4g,two_area,100,3.5999999999999996,hub_aware
eVIf6rdRbevntBmV85jOrw,two_area,100,3.5999999999999996,hub_aware
eX9W_FuVxfHRvZf0AtnSkg,explorer,100,5.0,hub_aware
e_umI7svTx8bvZWRItCBpw,sparse,100,10.0,global_fallback
efIx7xceSPAxrAfVg7fqRQ,sparse,100,10.0,global_fallback
eiCPWdaKEE5RO_vbXS0uUA,sparse,100,10.0,global_fallback
ejaGPcz3aDC-EmgThqGvrw,sparse,100,10.0,global_fallback
evJE7AO2ARFHJzB_Is_Thw,sparse,100,10.0,global_fallback
ezFwl_4j7dzitHnFUmkPHg,one_area,100,3.0,hub_aware
f4BpRCgSjzqU8i7OeuY4YQ,sparse,100,10.0,global_fallback
f7ze2In-eT0QORtfp1s4dQ,one_area,100,3.0,hub_aware
f8pr3jhnzvOTA7xoDz2Xxg,one_area,100,6.331066383305335,hub_aware
fExlvvpw8srFzcxKmBIIew,one_area,100,3.2972994930806254,hub_aware
fJ4aIGg6XBVNawGQAkUIlw,one_area,100,4.965471312751216,hub_aware
fK5YD9--4n4Zqd2U6DViKg,sparse,100,10.0,global_fallback
fKDP8ZUgY7EXPrN4KPijUA,sparse,100,10.0,global_fallback
fR7KmZA__LCnOnQKvPdY0Q,sparse,100,10.0,global_fallback
fSCAMVAqVLGMIMfZ8i1ohg,sparse,100,10.0,global_fallback
fYNh00VSPj6dc6XbHSpcLQ,sparse,100,10.0,global_fallback
fcX6hy0JaXewdgnzYA15Pg,one_area,100,3.847888147994072,hub_aware
femF4Ekns1BNgAlP9EdOYw,one_area,100,3.0,hub_aware
ffIsvFDbmq6v2dYQlWvn4g,sparse,100,10.0,global_fallback
fnREmrNDKsyGEn6CXA4otA,one_area,100,3.53327810630362,hub_aware
fpP-_BD04WApsYy4c2a96Q,sparse,100,10.0,global_fallback
fsPSNoVcGuNtIF-5gBclKw,sparse,100,10.0,global_fallback
ftNChbifmX7pxgytv0e-dQ,sparse,100,10.0,global_fallback
fx5abtQ1V5SftfGrKfciQQ,sparse,100,10.0,global_fallback
fziqijetygyZ6zqnmIUkIA,sparse,100,10.0,global_fallback
g-EynTcuFjYKASqQAWMicA,explorer,100,5.0,hub_aware
gEjuvV6ffgrlv07q72qYjQ,explorer,100,5.0,hub_aware
gFDG2SRX0rmA1-VY8UE3Ew,sparse,100,10.0,global_fallback
gHnT7EfxvHOVZKXUpf6F1A,sparse,100,10.0,global_fallback
gMYkyX2FaCgto0_RGkngNQ,sparse,100,10.0,global_fallback
gPuyzGnE3xMtugpmdtiH1g,one_area,100,3.0,hub_aware
gRHTOWUaVpesQYdbxFqChA,sparse,100,10.0,global_fallback
gTsbM38AKzspKE7Wi_4Rtw,sparse,100,10.0,global_fallback
gUiNt6eHEtQxq5ON5IRncw,sparse,100,10.0,global_fallback
gWX6Bdh2c2VBjfc0iq830g,sparse,100,10.0,global_fallback
g_wQNtclPAK5DExUw72wbg,sparse,100,10.0,global_fallback
gch9Ub_QnddF2S-OBXA8oA,sparse,100,10.0,global_fallback
gcpe2II61pYhqqqU6Q1-Jw,sparse,100,10.0,global_fallback
gfHDMulGnn7Yea9Xa0Jz3w,one_area,15,3.0,hub_aware
gjPQ1d1l0RSBBSe3cJAk3g,sparse,100,10.0,global_fallback
gkg9VqsxPCgpfYXO1dl8CA,two_area,100,3.5999999999999996,hub_aware
gmn8xtLg1UoQPoPp4lJWYg,sparse,100,10.0,global_fallback
gnj_AZWXW9hODG8VUvqG_A,explorer,100,5.0,hub_aware
guCT9OAeRjWo1Lx4jnvVIQ,sparse,100,10.0,global_fallback
gxt-CF0v4ByVo2-X7KlkEw,sparse,100,10.0,global_fallback
h12vpUDEtHIBYBnpZkx0pw,explorer,100,5.0,hub_aware
h1ZPAX2ztQkqzge9FuzR3g,one_area,100,3.0,hub_aware
h2ROjeSjZZqQzz5ZzM0o9A,sparse,100,10.0,global_fallback
h2gcZCpwQcG9jrb7Fi9wlg,one_area,100,7.220437244411101,hub_aware
hEYpVPH1YhTypMAdj9NnFA,sparse,100,10.0,global_fallback
hI-B0cYL6uoZEQU3A0TupQ,explorer,100,5.0,hub_aware
hMlzK6y_0mvV-4RI-ck43w,sparse,100,10.0,global_fallback
hMqY99pR5D0s51nSuuSBww,sparse,100,10.0,global_fallback
hNm-uC0HMCAES6U_de-bzw,explorer,100,5.0,hub_aware
hR662pdd6p3Zh0NLQbl9pw,explorer,100,5.0,hub_aware
hTZu4j_SZsiABuU29sQXww,sparse,100,10.0,global_fallback
hZpBOspgZVcenuPgQk-X3Q,one_area,100,4.722681747193876,hub_aware
hdjkgTssdEP67KLKioOvRw,sparse,100,10.0,global_fallback
hdzTAN8DGJKRddkZ8279JQ,explorer,100,15.932934166075842,hub_aware
hhzPbzqRm3sKS9BRC5brnw,sparse,100,10.0,global_fallback
hjqY1QiepOXMco82OqCtdQ,explorer,100,6.230215204689266,hub_aware
hk8Dm8f6aYu1Sl92R4ltOQ,sparse,100,10.0,global_fallback
hpTqDXhI6kADYIZsFjKyJw,sparse,100,10.0,global_fallback
htWfqjFTrCCddpJ_QGQtQQ,one_area,100,3.0,hub_aware
htsnJpyf0SVeDb2glUIrfQ,explorer,100,5.0,hub_aware
hx9CFj-rrWBy0eLheQvgwA,sparse,100,10.0,global_fallback
hzvIwkKaNkMG2766T8YIfA,sparse,100,10.0,global_fallback
i7R5GPfNeFodZqFwixnhog,sparse,100,10.0,global_fallback
iCnDT4Pntlh1Oxg5m00FCQ,sparse,100,10.0,global_fallback
iFJmp5hLuq39R9IiI6J1yQ,sparse,100,10.0,global_fallback
iK3N8s4qhg14cCw2dmdBlQ,explorer,100,22.356909560304608,hub_aware
iPmtBlrhxOdNufcjqFiczg,sparse,100,10.0,global_fallback
iRun7Wy0frkfQPTe6ZUnMA,one_area,100,3.0,hub_aware
iWATdPcMb-fv94UBLXSFsA,sparse,100,10.0,global_fallback
ibh8iLrJioL90o_iHXedDQ,sparse,100,10.0,global_fallback
idgPhN-N3gkZBC9Ocnp_sw,sparse,100,10.0,global_fallback
ig78V5Hmr6q-uR4hXMtqvw,sparse,100,10.0,global_fallback
ij3FhJBdPulyz7WgeeFr7Q,one_area,100,7.77941715498478,hub_aware
ikmXgusUvPYOqlHt5LuH6w,explorer,100,10.07454659216238,hub_aware
iu3LcHQrA0EkInB2N0UWCA,sparse,100,10.0,global_fallback
iy48sXsYF2wdO7u98rS3ww,explorer,100,14.86169773219558,hub_aware
iz6amC-ytaz6Dt4RIYtcnw,two_area,100,9.007741988300708,hub_aware
j-zK7Oo_sNljumor7Y7yiw,one_area,100,8.878566041198852,hub_aware
j3grLltXv1efw8j1FZ5W0Q,sparse,100,10.0,global_fallback
j7OqaWk_Ki_ZcBT99xhM-A,sparse,100,10.0,global_fallback
jF2NWMxcrPsZCiZ0z8jJSg,two_area,100,3.5999999999999996,hub_aware
jJroLKOjVKWxfVp7awd6sQ,one_area,100,3.0,hub_aware
jPUnXRb4Fjc2icuHFA_zqw,sparse,100,10.0,global_fallback
jSU8wBJ4R6gUle3qbN75yA,sparse,100,10.0,global_fallback
jSf_SBIKiLRS8WePH1_mfA,sparse,100,10.0,global_fallback
j_dm105rRviZ-xi7xCI5Jg,explorer,100,10.511327261281158,hub_aware
jjm96iKMzOXHnIhGxvxfCw,sparse,100,10.0,global_fallback
jkTC2tcJXL_W341a5_8I_A,two_area,100,3.5999999999999996,hub_aware
ju3fAGMdNwhwEBC6yXRlOA,sparse,100,10.0,global_fallback
jwuhvdOUPVnVe-QAS5Ycgg,explorer,100,10.351059357246033,hub_aware
jxN3P8JnAF8k8UBl6knPMw,explorer,100,9.459309567678151,hub_aware
k0p0RWMjvv8Ps1SUSuYL1A,one_area,100,3.1789302395715247,hub_aware
k2nqc9tAtBnv9Gn6Ow9pyw,sparse,100,10.0,global_fallback
k9GaWoNc6PPfiBHutgQVJA,sparse,100,10.0,global_fallback
kDyNXZa_Ph0IdGHQCT1LeA,one_area,100,3.0,hub_aware
kI4AqkGkZhCI77oShkBXtg,sparse,100,10.0,global_fallback
kKncnVGJRsJ8j9UnbqmdsA,one_area,100,3.0,hub_aware
kMuYiGpfaZQ1QktYqbvChw,sparse,100,10.0,global_fallback
kOG9KvVJ3A-FvNx5WILuwA,two_area,100,5.549730110952067,hub_aware
kQPM5MJIL4uZWXbyFnHZ-A,sparse,100,10.0,global_fallback
kSR4n_tOHVMLsMosSIqYkw,sparse,100,10.0,global_fallback
k_muz40jJaiY1PVga6NDXA,explorer,100,5.0,hub_aware
ka4y4r5syDvy0TfnVnGwdA,explorer,100,5.0,hub_aware
kjfF-u8c55wI8f9Oouac8Q,sparse,100,10.0,global_fallback
ktsnm5_k0Kb3C8ALMvhHdQ,one_area,100,3.0,hub_aware
kzkAXy9mJS6gMljzC4xGXw,explorer,100,5.0,hub_aware
l8YT0FqbvwEzrCH4HrrDKQ,two_area,100,3.5999999999999996,hub_aware
lHJIhD0vQ8xjyHUb-IxByQ,one_area,100,3.0,hub_aware
lIgrsHJACOeILxgcH_1CKw,one_area,100,3.0,hub_aware
lM1F_4TP8sgIaFVSO14cTA,one_area,100,3.783532171774814,hub_aware
lXQDplfo4ncsCiv9CG54wQ,sparse,100,10.0,global_fallback
lZK0EiCyaCYI1FKjoRANoQ,sparse,100,10.0,global_fallback
lfrWaxgLJhiF-oC7tO981A,one_area,100,3.0,hub_aware
lgFj0_TThO-a1j_5X7uWMg,sparse,100,10.0,global_fallback
ln8B-7rV9JFVOvrsCnUqjA,sparse,100,10.0,global_fallback
lo3O4Gd7ADVhN0xlhuQ7tA,sparse,100,10.0,global_fallback
loisywO3K7nC0hOx4HYgOQ,sparse,100,10.0,global_fallback
lpPBPfO7MSWXxCMyLPb6kw,sparse,100,10.0,global_fallback
lpjYic_UWNbDNmyBRXcX-g,explorer,100,5.0,hub_aware
lqLWjv3R2U2wp9Qa5t6nNA,sparse,100,10.0,global_fallback
lshUkvoHpnQudQklC0q48A,explorer,100,5.0,hub_aware
luneE7MbL8ssjSdfGRp9Eg,sparse,100,10.0,global_fallback
lw_fLBSUSNX7QwryO7euCw,explorer,100,9.688238546220724,hub_aware
lx0UBvzgmIu45g9g3G70BA,sparse,100,10.0,global_fallback
m22KZqgt2OwitXpC3kPVzA,explorer,100,8.136545464673437,hub_aware
m6kKzcA0mcCpWKQ230zHDA,sparse,100,10.0,global_fallback
m8ALOcSqmMRPMzBnLOTDUg,one_area,100,3.604036725985414,hub_aware
mGzqdHE2pJqpYdZhS5QweA,explorer,100,5.0,hub_aware
mJLpf9yNzY2R8m7hVXBzDg,explorer,100,18.750671815184916,hub_aware
mOUb4M5-UYabzNUtl7CrBg,sparse,100,10.0,global_fallback
mOzvWfmM0XgCsI2pJPEFaw,sparse,100,10.0,global_fallback
mPVO9w558aXeoTjD9INNuQ,sparse,100,10.0,global_fallback
mQAFzRcOv8tsruXOBkGYtg,one_area,100,3.0,hub_aware
mQgIRFjUWpMpnPVG6Rf_nA,sparse,100,10.0,global_fallback
mXiw0HwmtY7eL8hlnVs6aA,explorer,100,5.0,hub_aware
mcWqvxPLSXGd8NP2RqtuAQ,sparse,100,10.0,global_fallback
mf87yjv9RJWPiwMWI39YEg,one_area,100,4.414935390417592,hub_aware
mnceWVTuBAA_JbrjOEa70A,explorer,100,5.0,hub_aware
myWcP4GNisRJImnctIHT6Q,sparse,100,10.0,global_fallback
n0srlwBnVO7Hs_bZ1jlFzA,two_area,100,3.5999999999999996,hub_aware
n5ZcMvJQb07XMjj9pCTYLA,explorer,100,7.826525564422322,hub_aware
nFO1J9FJYFmI6zlKe9nxiQ,explorer,100,5.0,hub_aware
nGLWk4b4DjvET3LDGjJ7eg,sparse,100,10.0,global_fallback
nGkKPb7xdLsUd1vCk2nqYw,sparse,100,10.0,global_fallback
nGw5tCOzLDgKbuZbtckVtw,sparse,100,10.0,global_fallback
nMyF71OVIEftHtVWrXwsxw,sparse,100,10.0,global_fallback
nT8eqcUUpgfzASqe8ITFQw,one_area,100,9.110525171029511,hub_aware
nU0qJPZ6m8PazfHRQLJxAQ,sparse,100,10.0,global_fallback
nYIH8IHzWp3j33L3qsAz5Q,one_area,100,3.0,hub_aware
n_xtoc4yZdM7kR8QdKv8Ow,sparse,100,10.0,global_fallback
nb_rhj6Wv_1n0P3P9jVRNw,explorer,100,5.0,hub_aware
ncvfEtqeRJrs-CsyLknWmQ,one_area,100,6.120046490148096,hub_aware
ndBvEE4zdrkbw5w0rd0lKQ,explorer,100,5.171599656112132,hub_aware
ndUKNiP92lOCG3x0yVeh3Q,two_area,100,8.519172734275738,hub_aware
nkxgSAyoFvjWvtV4JDR6kw,sparse,100,10.0,global_fallback
nm6rVuEUUjaxjC5K0bvlWg,two_area,100,3.5999999999999996,hub_aware
npzsQuq2u8VgBIpA_CDu5Q,two_area,100,3.824240577419885,hub_aware
ntG7xr8zNDX-7Ux5zIqLkA,sparse,100,10.0,global_fallback
nvExmyNyEOZRW5Am6xhmVQ,sparse,100,10.0,global_fallback
nzonwigSpOOJfqLvp3mqHA,sparse,100,10.0,global_fallback
o3RdErZ9JI6Am3gGi0Kv0g,one_area,100,3.0,hub_aware
o4iHwVDRfhMMlHF6IlzrJQ,one_area,100,4.861795174974133,hub_aware
o8JbrCaUpbL7M83qeHbSQg,one_area,100,7.052905564018353,hub_aware
o99n86mgCJ_kbhMbE45CyQ,sparse,100,10.0,global_fallback
oBlfGG-V8TuXVHCkcvvGzg,explorer,30,5.0,hub_aware
oDcCLLZ96VRmNPubnUVEDg,sparse,100,10.0,global_fallback
oEj9vDdKeMx1MUuFymfPaw,explorer,100,5.0,hub_aware
oGKgTy7x8-mD7ngegMh-zw,two_area,100,10.96303583351005,hub_aware
oHmfaYSotJty1zTMMp9iNg,one_area,100,3.0,hub_aware
oJCRGi311azjaB-LwdpMiQ,one_area,100,3.0,hub_aware
oKMfIpS_kzSvf_k-qDS10w,sparse,100,10.0,global_fallback
oLvssslByKvEAjyfaV03jQ,one_area,100,5.178148570264882,hub_aware
oMbynm2S4a9uU8bnCn5g2Q,one_area,100,3.875231060182436,hub_aware
oN0a6KsY7fX5K7CsxKW8Tg,one_area,100,3.0,hub_aware
oPdEoxq-tq6swa5rvhQQ2A,one_area,100,6.091968080332173,hub_aware
oQBKkCcgAhy2QQuXUwa0Lg,sparse,100,10.0,global_fallback
oQlMwfPYbS9VTtz3edTZnA,sparse,100,10.0,global_fallback
oTpwXmK9QxWkyox3P_HBxw,sparse,100,10.0,global_fallback
oWxI9xF0aRPjP-RI2rDKzg,sparse,100,10.0,global_fallback
oXK8yj5yy2tuvFZrx_GXqA,sparse,100,10.0,global_fallback
oga5MeRqIRV-fwGVaRxtsw,sparse,100,10.0,global_fallback
oj_ron5ljul-wJ47Fx4F_A,one_area,100,3.0,hub_aware
on7SZ1bo46GKbaVqLIAWhQ,explorer,100,11.5404827428309,hub_aware
onT-YWW_Ytq3HXgeoKuHIw,explorer,100,6.133541033840112,hub_aware
onnQ57YN5i_WDKxY9d1OCg,sparse,100,10.0,global_fallback
oo-DaKZoUG7tTpq3EAbuzA,sparse,100,10.0,global_fallback
orcq1sBl1HPVM8VbQ59RCg,explorer,100,5.0,hub_aware
p4OnonTUHt4YkXa79fXifA,sparse,100,10.0,global_fallback
p9ORGZoCat056HT35x1R8A,sparse,100,10.0,global_fallback
pAwMVKafxiZxu00y34-V8w,sparse,100,10.0,global_fallback
pCAL3IqliKEtiSl_4HPXwA,sparse,100,10.0,global_fallback
pKCdpxqKFJOPZ1JkPBN2ew,explorer,100,5.0,hub_aware
pOAOkXP-_TEOj6v0Z0BBew,one_area,100,3.0,hub_aware
pR2FWxF0_Dw6DLE-gjW3FA,sparse,100,10.0,global_fallback
pRd6Qn3_TEgI4sPGFl1FbA,one_area,100,5.273764576610348,hub_aware
pSK1ElVEia-wxyuKcnmxDg,one_area,100,3.0,hub_aware
pXUL0u92Z7Ac8vtfJOCbNg,sparse,100,10.0,global_fallback
pYekrYx-oSKYTYIxRu9VVg,sparse,100,10.0,global_fallback
pcJNeSRw8n1NpYNh6q62mg,explorer,100,5.0,hub_aware
pe7debduqsuJQw--9Bxcug,explorer,100,8.873727097278511,hub_aware
pflNohq48AYRhoqOjNflnw,sparse,100,10.0,global_fallback
pj6rNuouch7dyYGNUOAjsw,one_area,100,3.0,hub_aware
pkusnYeNq2MDQpqzYeyoWg,one_area,100,6.250025400652234,hub_aware
plzuk7UVzn-AKU3rsrqZow,two_area,100,5.718914643828925,hub_aware
pqxT5IAGPsK4Ko0FZA_5ow,explorer,100,10.67119918549142,hub_aware
ptRf4Yc9O-0IqjxqtIiU5Q,sparse,100,10.0,global_fallback
ptUShK8U2OvL05BSaw8lRg,sparse,100,10.0,global_fallback
pvi_baolWn7mrtcb9rWAEw,one_area,100,3.0,hub_aware
pxYlcqi1lGOlG31kIcHE0g,sparse,100,10.0,global_fallback
q-C1QnpNji4stdxqtkUr8A,two_area,100,9.04528526882183,hub_aware
q-vIVTIAcBQ8lkglLERlww,one_area,100,3.0,hub_aware
q2fj9pVg08cz28l9uOFh_Q,explorer,100,9.054241174451496,hub_aware
qBTNxb_R9qstclpte6_6UQ,sparse,100,10.0,global_fallback
qJ7XTi3J9-lUE2b-I63ZlA,one_area,100,3.0,hub_aware
qJeMQLpxExtkkuJcTtjulw,one_area,100,3.5788724834864554,hub_aware
qJvmZzLTIC417knT4SXCOA,sparse,100,10.0,global_fallback
qP8PrF1TTmG0rBFApo-JKg,sparse,100,10.0,global_fallback
qQ_FzZU1s18IilbQkhSS1g,sparse,100,10.0,global_fallback
qSuKs9wHgtWVO6C3kvAlvg,sparse,100,10.0,global_fallback
qTMK2qr6ngof4fe29qyooA,explorer,100,15.468523162384436,hub_aware
qVI4IvpTEh47pWuWLRiXVg,one_area,100,3.0,hub_aware
qVz7EgaL6qYgVKiApx8Nzw,sparse,100,10.0,global_fallback
qXC3g4MHQDYuq9gyrPzI-w,two_area,100,3.5999999999999996,hub_aware
qfcixZ4nNeFsbflsHD3Dfw,sparse,100,10.0,global_fallback
qgLwRvE6JkK_KnbuT5AKmA,explorer,100,6.085462611548708,hub_aware
qh97098p3nkRDlUDzzWvQA,sparse,100,10.0,global_fallback
qhTa_gzOMAlVuIr1kvQNKg,sparse,100,10.0,global_fallback
qj4eSnrR0aZUK2OPT-qYvA,one_area,100,7.598514363966186,hub_aware
qjL7NhDOlly9Yj5JSRdnHA,sparse,100,10.0,global_fallback
qkyDoOJ4h6pmbWWdbdPMrA,sparse,100,10.0,global_fallback
ql8cjUqJEn7aUb26Gq49bg,explorer,100,15.016093190270864,hub_aware
qnIc4_kv45nUauKUUpqiKA,sparse,100,10.0,global_fallback
qrI4af6hudXSpHF7iigeFA,sparse,100,10.0,global_fallback
qsk5uijH1djK0ZmD0pqnKA,explorer,100,5.0,hub_aware
qsuRj329ek3rCSu6f_FEiA,one_area,100,3.0,hub_aware
quFH0cGNItZpGGU9FS_Q_A,sparse,100,10.0,global_fallback
qv1U7csVU1L5T0zP2Ot03Q,sparse,100,10.0,global_fallback
qwd4cN5LrkUbjzyMv9slKA,sparse,100,10.0,global_fallback
qznoPwnKEa6MNnVj7C_U6g,sparse,100,10.0,global_fallback
r3ov7FgibBx41_W74I1KiA,explorer,100,6.368692382894926,hub_aware
r8NjQpTwjbNpw4n_mz49DQ,sparse,100,10.0,global_fallback
rDy5a0ZIYxVuShBzX96jYQ,explorer,100,9.326249199897251,hub_aware
rGwM0TgJ5S67DRkRMi99Fw,sparse,100,10.0,global_fallback
rMYuU_UQejQ4PBNW93gUWg,sparse,100,10.0,global_fallback
rNm9bItfqHT4Y2_tXsjL2Q,one_area,100,5.7062243508041375,hub_aware
rPXZ7akmqKq_a_oDEmi_Ig,explorer,100,9.323556403886725,hub_aware
rQrlI-TFTkHL3Yv2rv5a6g,explorer,100,5.0,hub_aware
rR14mlsyG31rZ5oedSEtuw,one_area,100,6.555529894826328,hub_aware
rRz7xuwKn-W-eWfMnZcR-A,sparse,100,10.0,global_fallback
rTRqf7-Jl7nsvbbtNAJFQg,sparse,100,10.0,global_fallback
rae3XnBTKX6ANvWZ6i8Y4A,explorer,100,24.931104153482284,hub_aware
rdyPCaD80cgRx7rPzNTRuQ,sparse,100,10.0,global_fallback
rfxRV2phA3s2YHD7tkS1MQ,sparse,100,10.0,global_fallback
rk1OhWsJ_bYVfQrLkI93XQ,sparse,100,10.0,global_fallback
rkDzcDOT-ijLVzp8Bq5qUA,sparse,100,10.0,global_fallback
rnki7PLVT7oIuYH6U0XpAQ,sparse,100,10.0,global_fallback
rtGnlR02bjJXp0cg-RzR6w,explorer,100,7.232538647010879,hub_aware
rwKrcSbr5yn_Wwpi23rNvw,two_area,100,8.941031568247432,hub_aware
s-IamAe1Ix6aZvbrQe9Lkg,explorer,100,5.641671649889101,hub_aware
s057_BvOfnKNvQquJf7VNg,one_area,100,5.3578632253246194,hub_aware
s3IJ26fV1bLk1K0xBiwp9w,sparse,100,10.0,global_fallback
sA966-_1mkAldIEKf2tt4g,sparse,100,10.0,global_fallback
sAw0nfFSLIhn1AJi1e2oUQ,explorer,100,5.306235451168038,hub_aware
sFGDoz_4F_xswZIqBkKcmw,sparse,100,10.0,global_fallback
sKqLFcg3gGfvQrlGegl-Qg,explorer,100,6.339379806746937,hub_aware
sOGVdjTzOMNMlVs1RWmjcA,explorer,100,12.466033238434383,hub_aware
sPOo1ONS1-4EVv9bfIGq9A,sparse,100,10.0,global_fallback
sUxQgDzUDwD4Sh9Vo-L-ZQ,explorer,100,9.005441499134179,hub_aware
sVt0D9h2qTozyfifDre2Sw,one_area,100,7.359171212586839,hub_aware
seQwVtztnrIdVMtOutC4LA,sparse,100,10.0,global_fallback
skfq3_3CMZhQGVB4bOpcjA,sparse,100,10.0,global_fallback
ss8VEYHv_Ram2iGQ8ucxug,two_area,100,3.5999999999999996,hub_aware
sy7tdUjMzbCMdB1kFMyHJg,one_area,22,3.0,hub_aware
syAUVETWFLn0eXkE4bVvRg,one_area,60,3.0,hub_aware
sz-6iY15Ukhcgc4CFJJ3xg,explorer,100,13.862851726759235,hub_aware
t-cWCcy1T6gv_JuL8Lsksw,one_area,100,9.721972955261238,hub_aware
t50FJnRwDezmTfOhFFPbbA,explorer,100,5.0,hub_aware
t54WpcV6gQWRZfK_7L20uQ,sparse,100,10.0,global_fallback
tCim-JokIwYtR6z5eAaroA,two_area,100,3.5999999999999996,hub_aware
tDALsTjmosc6ELEhrRHPEA,sparse,100,10.0,global_fallback
tIlTwpzG6crqT44PP0d0WQ,explorer,100,5.0,hub_aware
tKgqP5QgDVoG0qCkFolx0w,sparse,100,10.0,global_fallback
tOxT1uyebPZbBuQmt51xcw,sparse,100,10.0,global_fallback
tT8AaOFl6oAv8gCIt_yVqg,sparse,100,10.0,global_fallback
tWr6wxuU9Ow4r_SIqQU0uw,sparse,100,10.0,global_fallback
tgEiQBZtBoGgj4cXtj-eUw,one_area,100,5.313598202111129,hub_aware
tjAOK9sO3SlvzSF-UYn5xA,explorer,100,5.0,hub_aware
tlxpbxBH8tNdM5bUmt4iww,explorer,100,5.0,hub_aware
tr7MN0awianpN5wKBtRgAg,sparse,100,10.0,global_fallback
ttXX_uQkwH0bMISF4IP3Rg,sparse,100,10.0,global_fallback
tvaJ_Z72YAIW8AwFCqnM-A,sparse,100,10.0,global_fallback
u4Jt1on97OGn3-_AfmCuaw,two_area,100,6.69196231884543,hub_aware
u7f8qsRYHCwWGUomm659SA,one_area,100,3.0,hub_aware
u8jHy4P5WhqVwNBFvfeo3Q,two_area,45,3.5999999999999996,hub_aware
uDraUZMGBf2GYE_Z-6Ue9Q,sparse,100,10.0,global_fallback
uFdtg4mjDrhGc2zq7u8fjA,sparse,100,10.0,global_fallback
uMvlh5oocS-D9afL9SyMLA,sparse,100,10.0,global_fallback
uPvyXXs3XWY7iYk9Sqy-wQ,sparse,100,10.0,global_fallback
uSVd8L6hqe5N6k5W5nD3Qw,sparse,100,10.0,global_fallback
u_TkXMtQ-xOZeC569ISBLw,sparse,100,10.0,global_fallback
uaGusfCX2BCNb9aXeW43TA,sparse,100,10.0,global_fallback
ubDcRO1LhtpTXeeI9r08wA,sparse,100,10.0,global_fallback
ud_FXCdYEBzEmN-StimrhA,one_area,100,3.0,hub_aware
ugk0g6vyv2XavpoTaJSy6A,sparse,100,10.0,global_fallback
uqBfXS2d5nMAW1oKB6uHnA,sparse,100,10.0,global_fallback
uuj_1xYQDVcqUCskx9uMbw,explorer,100,5.0,hub_aware
uzJz5yrEKWIhKzcR3uIlsA,explorer,100,12.061543504910837,hub_aware
v0ybVZuZn1oz8FxrLIjPOg,one_area,100,4.487702675486104,hub_aware
v2uq7UUFJqaRSQNcd5K-xw,one_area,100,13.536390568440586,hub_aware
v6m5JohOSluoiQ4eqIEVxg,sparse,100,10.0,global_fallback
v8BQSU_iU9DShiGI5T00_Q,sparse,100,10.0,global_fallback
vDNrQU7yYNgkXfSwQCb8uA,two_area,100,6.48495745927408,hub_aware
vGHWoT-knZ5kNDDRaZS2lw,sparse,100,10.0,global_fallback
vIEAF_7LV8oQ6MJn0Q1lFA,sparse,100,10.0,global_fallback
vJ9d8w9Sj8lrJw8d-K1olQ,one_area,100,7.176372377653483,hub_aware
vM14ysC_qD69WI0HwoBMuA,one_area,100,3.0,hub_aware
vQAa8zdp3NSEKgCotEobbw,explorer,100,6.234949171597167,hub_aware
vQHh2F5wXHx0CiT4sPt74A,sparse,100,10.0,global_fallback
vTHOhd8DXvZT4eHndd591g,explorer,100,7.802720109928235,hub_aware
vVXGnFehkEoL5sNoqK4CUA,explorer,100,5.0,hub_aware
vZsH7VYNIa42wo4-f1svEQ,explorer,43,5.0,hub_aware
v_nzP2R1_wAyOw48D9ToWg,sparse,100,10.0,global_fallback
vaxt3aJ9U5WdgEo1PNgn_g,sparse,100,10.0,global_fallback
vcgEvc7YJsskN5exSG6ewA,sparse,100,10.0,global_fallback
vh_c8-LWkDDmZRg8KaC-xA,sparse,100,10.0,global_fallback
vrYuT-SgcZ67WIyZsWhbWg,sparse,100,10.0,global_fallback
vxeB-x3pLi6xWnDnQUaCMg,sparse,100,10.0,global_fallback
w6tpXm0c3iIF872A-u_GAw,one_area,100,3.0,hub_aware
wD_ajXsHopqvjxbQSHnGjA,sparse,100,10.0,global_fallback
wEeSmYi2OsqhGTKH8EX7fg,sparse,100,10.0,global_fallback
wEua7xjmvvMCrrYJeoN-Xg,sparse,100,10.0,global_fallback
wI2YTLDtbj9wkVQBiM8DEQ,sparse,100,10.0,global_fallback
wLRNQ5_xM9E_Am5lh9jASQ,one_area,100,5.64442986193331,hub_aware
wLbQ_22n5_F409Rc61IGiQ,sparse,100,10.0,global_fallback
wN7aftG7QsS8xktkaZ74nw,sparse,100,10.0,global_fallback
wTdEJv1VYUdlZ0_fS_vT5A,two_area,100,7.646991835547485,hub_aware
wW8_92GRWJScXy96GDNpmQ,sparse,100,10.0,global_fallback
wY-pfw3kF5_fWRSHpRZzXQ,sparse,100,10.0,global_fallback
wdgq_LkASF6ggKJSaLUNIA,sparse,100,10.0,global_fallback
wdyd3EkJtkTzH3sM0JmV2g,one_area,100,4.6459333675116765,hub_aware
wggO14a49phj5eGA_KFJ5w,sparse,100,10.0,global_fallback
wk5KGCCry6mTVtJUJoSaqA,one_area,100,6.008614577710915,hub_aware
wm5g3HlFd4U91iYcqXGM2A,sparse,100,10.0,global_fallback
wrcVzGPGIOL2Z3Kxmg9fwg,sparse,100,10.0,global_fallback
wtMYSKrt3yE2r-TNp_6spA,one_area,78,6.1305566114608006,hub_aware
wuVdyjawx8yVotASEQPn6w,one_area,100,3.0,hub_aware
wyq_nDwEKwa0bEsN2oT_hQ,sparse,100,10.0,global_fallback
x0SrRrrCqQnQQlHo58SA3A,sparse,100,10.0,global_fallback
xAOQlKAe8a_FfaDepK0kMw,explorer,100,7.297429196535628,hub_aware
xBtMG7PnChQpnpQR6O8zNQ,one_area,100,5.246902080075372,hub_aware
xCGRIro1UK646WZmRROHLg,explorer,100,5.0,hub_aware
xCeBWM3AJrUfq6YCo3U-Vw,one_area,100,3.0,hub_aware
xEU5fkcMNfF3yXzj7jD7jA,sparse,100,10.0,global_fallback
xHf19ZkzGRWRd4JcIQ0mig,explorer,100,10.054108606728683,hub_aware
xK10fav5yVNepAidSjl2Lg,explorer,100,10.109146250547804,hub_aware
xKD6xH0ga9KsMXDIwz2MCw,explorer,100,5.0,hub_aware
xQ1tKIQZPEuIr33V_YXWyw,explorer,79,5.0,hub_aware
xR8FqS8xH9SD2W9d67Zawg,sparse,100,10.0,global_fallback
xVL65My7jYzFTYrG4WLOWw,sparse,100,10.0,global_fallback
xYzAQ7TLBEotU2tzWy1n4g,sparse,100,10.0,global_fallback
xZx17dwUwHQmXCXEV4HDEA,explorer,100,5.0,hub_aware
x_ARxnT3Jeci4H3g99qgPA,sparse,100,10.0,global_fallback
xkrT76DZlPLGW5NfiWzxkg,sparse,100,10.0,global_fallback
xmy3Tfla9k58FW4H1-5-2w,sparse,100,10.0,global_fallback
xn45v0BaWqKJlom0CDiVQg,sparse,100,10.0,global_fallback
xp9ARKy_Jm34TrlG3z3UdA,one_area,100,3.1610619528451966,hub_aware
y-vE9nQyauGck-wlM5R1PA,sparse,100,10.0,global_fallback
y1lzOjoBhDulOPc7v-xCOQ,explorer,100,15.397052867200548,hub_aware
y3_iyuUmSnAvsoFBgh7jKQ,sparse,100,10.0,global_fallback
y41eTjSb9kbQsA5V6bAEUQ,sparse,100,10.0,global_fallback
y750_nHP1Lgu9rvAtZdnsw,one_area,100,3.0,hub_aware
y9dZmWasGZ0dUFakw1mnzg,sparse,100,10.0,global_fallback
yAzWY3vyTdmLjK1blLfHiA,sparse,100,10.0,global_fallback
yCnKZncv0TFF4OiIEYx5pg,sparse,100,10.0,global_fallback
yI3nFKpz_hZMhiVh6UbXfg,explorer,100,5.0,hub_aware
yTHstv3r9lhwpsqnHyh6zg,sparse,100,10.0,global_fallback
yXhsuwDpKVD2vPdT3H5qow,two_area,100,3.5999999999999996,hub_aware
yZ7hQ1ecvmBJRGjVVTPHhw,one_area,100,3.6132862871728753,hub_aware
yZcwTVKnu4bsvPNnkGkbWg,sparse,100,10.0,global_fallback
yaDSKPoiZe13cCZtAU15vA,one_area,100,12.811786088464675,hub_aware
yeV0fb77bIPg2ImuNuDKmA,explorer,54,5.0,hub_aware
yi8MUcO3O6ALXErrFuj2_A,explorer,100,6.627532887083136,hub_aware
yiu7X_J6RFh8-7Dn-pKPkg,one_area,100,11.253670729784254,hub_aware
yoG0aATEmo3Eq0sxUlDpBQ,sparse,100,10.0,global_fallback
ytTcyNugEE9N3xRaUeQtWg,sparse,100,10.0,global_fallback
yzaPaf8QIMuDtj6nkEyeuw,two_area,100,3.5999999999999996,hub_aware
z9h4AXLMP29mytkzDXIYOw,explorer,100,9.151832426730396,hub_aware
z9mQ_Bh98tfsp3ISA83zwA,one_area,100,8.909958044042387,hub_aware
zAF--quEXsxrIDceOAAAzA,sparse,100,10.0,global_fallback
zAHE7e-CDCVJo2TSYlxSXQ,sparse,100,10.0,global_fallback
zAv3O_apoDvS9tbGWv3DlA,explorer,100,8.255788950404035,hub_aware
zBAqRls7-ODf8JC9KEPrvQ,one_area,100,12.668249622838173,hub_aware
zBsAh1NiDw9lPfYMRFZgVA,sparse,100,10.0,global_fallback
zGCkAfV6LxGgdsBVJGhq2Q,sparse,100,10.0,global_fallback
zL_pWFM3lkVkWjAydk2oxA,sparse,100,10.0,global_fallback
zM6JbV30m_wMspAlzXafog,sparse,100,10.0,global_fallback
zV0ujEgvsCGoPsTwuur8cg,one_area,100,4.691351239508741,hub_aware
zXLtePKW9Gv07avI3ST93w,explorer,100,9.731945245502162,hub_aware
zYikFTtJpwPUSHkIweunHQ,one_area,100,3.730222885007852,hub_aware
zZrb6PhlsLD3L5WcZ-c0Tg,one_area,100,3.5253313426384327,hub_aware
z_j5j0IwcjwlzBxHrcTQAw,sparse,100,10.0,global_fallback
za-mhBnShYZ7FDhuE1k0Ew,sparse,100,10.0,global_fallback
zburgin1HAiVGMRYtOQB1g,two_area,100,3.5999999999999996,hub_aware
zgxCCHJPYpdH-otHSwlsQA,sparse,100,10.0,global_fallback
ziB_bQFM0Hdp8j4dkdHkyQ,explorer,100,17.621319888952133,hub_aware
zp0Cq6Nvd-GsAatehXwjKw,sparse,100,10.0,global_fallback
zr9PstOo-1m5da1TdXxESA,sparse,100,10.0,global_fallback
zrkXhlOzlVF1yUoN6xNR8w,sparse,100,10.0,global_fallback
